customer_id,customer_name,segment,region
CUST-00001,Maria Smith,RideShare-Commercial,East
CUST-00002,Elena Ivanov,Consumer-Individual,North
CUST-00003,Chen Rodriguez,RideShare-Commercial,West
CUST-00004,James Smith,Consumer-Individual,South
CUST-00005,Elena Kim,RideShare-Commercial,North
CUST-00006,Chen Ivanov,RideShare-Commercial,Midwest
CUST-00007,David Ivanov,Corporate-Fleet,Midwest
CUST-00008,Michael Smith,Consumer-Individual,West
CUST-00009,Sophia Williams,Consumer-Individual,South
CUST-00010,Sophia Rodriguez,Consumer-Individual,West
CUST-00011,Maria Patel,Corporate-Fleet,Midwest
CUST-00012,Michael Smith,RideShare-Commercial,West
CUST-00013,Chen Rodriguez,Corporate-Fleet,North
CUST-00014,Chen Williams,RideShare-Commercial,Midwest
CUST-00015,Sophia Taylor,Consumer-Individual,North
CUST-00016,James Ivanov,Corporate-Fleet,North
CUST-00017,Elena Rodriguez,Corporate-Fleet,East
CUST-00018,Amina Patel,Consumer-Individual,East
CUST-00019,Sophia Ivanov,RideShare-Commercial,East
CUST-00020,Maria Taylor,RideShare-Commercial,South
CUST-00021,Chen Ivanov,Consumer-Individual,West
CUST-00022,David Williams,RideShare-Commercial,Midwest
CUST-00023,Elena Patel,Consumer-Individual,South
CUST-00024,James Patel,Corporate-Fleet,East
CUST-00025,Maria Ivanov,RideShare-Commercial,East
CUST-00026,Elena Nguyen,Corporate-Fleet,West
CUST-00027,Robert Williams,Consumer-Individual,South
CUST-00028,Chen Kim,Corporate-Fleet,Midwest
CUST-00029,David Taylor,Corporate-Fleet,East
CUST-00030,Elena Johnson,RideShare-Commercial,West
CUST-00031,Maria Smith,Consumer-Individual,South
CUST-00032,Robert Brown,RideShare-Commercial,North
CUST-00033,David Brown,RideShare-Commercial,West
CUST-00034,Chen Williams,RideShare-Commercial,North
CUST-00035,Maria Kim,Corporate-Fleet,East
CUST-00036,Maria Williams,Corporate-Fleet,South
CUST-00037,Amina Smith,RideShare-Commercial,East
CUST-00038,Chen Johnson,RideShare-Commercial,North
CUST-00039,Michael Kim,RideShare-Commercial,South
CUST-00040,Robert Patel,Consumer-Individual,Midwest
