vehicle_id,timestamp,code,component,severity
VH-10022,2026-08-27 09:13:45,P0562,Electrical,HIGH
VH-10022,2026-08-27 11:03:31,P0562,Electrical,HIGH
VH-10022,2026-08-27 07:04:12,P0562,Electrical,HIGH
VH-10022,2026-08-27 06:22:12,P0562,Electrical,HIGH
VH-10044,2026-08-27 15:45:30,P0300,Powertrain,HIGH
VH-10015,2026-08-27 19:52:45,P0217,Cooling System,CRITICAL
VH-10015,2026-08-27 16:09:29,P0217,Cooling System,CRITICAL
VH-10048,2026-08-27 14:30:13,P0300,Powertrain,HIGH
VH-10048,2026-08-27 18:51:23,P0300,Powertrain,HIGH
VH-10048,2026-08-27 14:10:54,P0300,Powertrain,HIGH
VH-10025,2026-08-27 17:23:31,P0562,Electrical,HIGH
VH-10048,2026-08-28 07:47:44,P0300,Powertrain,HIGH
VH-10048,2026-08-28 12:32:05,P0300,Powertrain,HIGH
VH-10019,2026-08-28 15:12:25,P0562,Electrical,HIGH
VH-10019,2026-08-28 11:51:45,P0562,Electrical,HIGH
VH-10019,2026-08-28 16:34:04,P0562,Electrical,HIGH
VH-10019,2026-08-28 05:19:55,P0562,Electrical,HIGH
VH-10016,2026-08-28 19:46:17,P0217,Cooling System,CRITICAL
VH-10016,2026-08-28 16:45:34,P0217,Cooling System,CRITICAL
VH-10016,2026-08-28 09:22:55,P0217,Cooling System,CRITICAL
VH-10016,2026-08-28 17:26:44,P0217,Cooling System,CRITICAL
VH-10016,2026-08-28 06:06:47,P0217,Cooling System,CRITICAL
VH-10016,2026-08-28 09:48:02,P0217,Cooling System,CRITICAL
VH-10025,2026-08-28 11:33:03,P0562,Electrical,HIGH
VH-10025,2026-08-28 09:38:30,P0562,Electrical,HIGH
VH-10025,2026-08-28 11:31:04,P0562,Electrical,HIGH
VH-10025,2026-08-28 12:58:03,P0562,Electrical,HIGH
VH-10025,2026-08-28 18:46:06,P0562,Electrical,HIGH
VH-10025,2026-08-28 06:52:12,P0562,Electrical,HIGH
VH-10008,2026-08-28 10:13:02,P0562,Electrical,HIGH
VH-10008,2026-08-28 12:47:40,P0562,Electrical,HIGH
VH-10008,2026-08-28 16:09:52,P0562,Electrical,HIGH
VH-10008,2026-08-28 15:29:28,P0562,Electrical,HIGH
VH-10008,2026-08-28 12:31:14,P0562,Electrical,HIGH
VH-10045,2026-08-28 15:14:14,P0562,Electrical,HIGH
VH-10045,2026-08-28 18:14:38,P0562,Electrical,HIGH
VH-10045,2026-08-28 05:31:31,P0562,Electrical,HIGH
VH-10045,2026-08-28 15:53:19,P0562,Electrical,HIGH
VH-10045,2026-08-28 14:03:57,P0562,Electrical,HIGH
VH-10045,2026-08-28 19:56:59,P0562,Electrical,HIGH
VH-10005,2026-08-28 08:47:57,P0300,Powertrain,HIGH
VH-10005,2026-08-28 06:12:14,P0300,Powertrain,HIGH
VH-10005,2026-08-28 13:04:55,P0300,Powertrain,HIGH
VH-10005,2026-08-28 13:13:49,P0300,Powertrain,HIGH
VH-10005,2026-08-28 08:05:23,P0300,Powertrain,HIGH
VH-10005,2026-08-28 06:09:42,P0300,Powertrain,HIGH
VH-10001,2026-08-28 13:15:31,P0300,Powertrain,HIGH
VH-10001,2026-08-28 08:01:53,P0300,Powertrain,HIGH
VH-10001,2026-08-28 05:34:52,P0300,Powertrain,HIGH
VH-10001,2026-08-28 14:51:14,P0300,Powertrain,HIGH
VH-10001,2026-08-28 18:40:05,P0300,Powertrain,HIGH
VH-10001,2026-08-28 06:09:46,P0300,Powertrain,HIGH
VH-10046,2026-08-28 16:57:43,P0217,Cooling System,CRITICAL
VH-10046,2026-08-28 19:56:13,P0217,Cooling System,CRITICAL
VH-10046,2026-08-28 15:58:41,P0217,Cooling System,CRITICAL
VH-10046,2026-08-28 13:11:45,P0217,Cooling System,CRITICAL
VH-10046,2026-08-28 12:07:36,P0217,Cooling System,CRITICAL
VH-10035,2026-08-28 14:04:45,P0562,Electrical,HIGH
VH-10035,2026-08-28 15:46:37,P0562,Electrical,HIGH
VH-10035,2026-08-28 11:50:16,P0562,Electrical,HIGH
VH-10035,2026-08-28 12:52:52,P0562,Electrical,HIGH
VH-10035,2026-08-28 08:14:40,P0562,Electrical,HIGH
VH-10044,2026-08-28 08:12:52,P0300,Powertrain,HIGH
VH-10044,2026-08-28 18:01:10,P0300,Powertrain,HIGH
VH-10044,2026-08-28 16:37:30,P0300,Powertrain,HIGH
VH-10044,2026-08-28 17:02:59,P0300,Powertrain,HIGH
VH-10044,2026-08-28 07:04:47,P0300,Powertrain,HIGH
VH-10029,2026-08-28 16:29:17,P0300,Powertrain,HIGH
VH-10029,2026-08-28 06:45:23,P0300,Powertrain,HIGH
VH-10029,2026-08-28 19:59:58,P0300,Powertrain,HIGH
VH-10029,2026-08-28 06:14:27,P0300,Powertrain,HIGH
VH-10029,2026-08-28 15:31:36,P0300,Powertrain,HIGH
VH-10029,2026-08-28 09:01:30,P0300,Powertrain,HIGH
VH-10036,2026-08-28 17:54:39,P0562,Electrical,HIGH
VH-10036,2026-08-28 07:39:18,P0562,Electrical,HIGH
VH-10031,2026-08-29 17:23:21,P0562,Electrical,HIGH
VH-10031,2026-08-29 20:18:19,P0562,Electrical,HIGH
VH-10031,2026-08-29 06:12:22,P0562,Electrical,HIGH
VH-10031,2026-08-29 05:09:26,P0562,Electrical,HIGH
VH-10031,2026-08-29 12:04:00,P0562,Electrical,HIGH
VH-10003,2026-08-29 07:09:59,P0300,Powertrain,HIGH
VH-10003,2026-08-29 10:19:40,P0300,Powertrain,HIGH
VH-10003,2026-08-29 16:14:40,P0300,Powertrain,HIGH
VH-10035,2026-08-29 14:45:56,P0562,Electrical,HIGH
VH-10035,2026-08-29 11:53:19,P0562,Electrical,HIGH
VH-10035,2026-08-29 20:22:38,P0562,Electrical,HIGH
VH-10035,2026-08-29 12:36:15,P0562,Electrical,HIGH
VH-10035,2026-08-29 10:45:53,P0562,Electrical,HIGH
VH-10035,2026-08-29 15:45:05,P0562,Electrical,HIGH
VH-10024,2026-08-29 13:54:14,P0217,Cooling System,CRITICAL
VH-10024,2026-08-29 16:00:33,P0217,Cooling System,CRITICAL
VH-10024,2026-08-29 14:44:12,P0217,Cooling System,CRITICAL
VH-10024,2026-08-29 04:54:35,P0217,Cooling System,CRITICAL
VH-10046,2026-08-29 14:44:50,P0217,Cooling System,CRITICAL
VH-10036,2026-08-29 08:26:21,P0562,Electrical,HIGH
VH-10036,2026-08-29 15:03:55,P0562,Electrical,HIGH
VH-10036,2026-08-29 04:59:23,P0562,Electrical,HIGH
VH-10036,2026-08-29 09:28:49,P0562,Electrical,HIGH
VH-10036,2026-08-29 10:17:48,P0562,Electrical,HIGH
VH-10034,2026-08-29 13:12:53,P0217,Cooling System,CRITICAL
VH-10034,2026-08-29 13:55:02,P0217,Cooling System,CRITICAL
VH-10034,2026-08-29 16:39:12,P0217,Cooling System,CRITICAL
VH-10011,2026-08-29 07:23:43,P0300,Powertrain,HIGH
VH-10001,2026-08-29 09:46:03,P0300,Powertrain,HIGH
VH-10001,2026-08-29 19:50:32,P0300,Powertrain,HIGH
VH-10001,2026-08-29 08:19:14,P0300,Powertrain,HIGH
VH-10001,2026-08-29 06:06:17,P0300,Powertrain,HIGH
VH-10001,2026-08-29 20:21:06,P0300,Powertrain,HIGH
VH-10001,2026-08-29 18:24:00,P0300,Powertrain,HIGH
VH-10045,2026-08-29 19:19:10,P0562,Electrical,HIGH
VH-10029,2026-08-29 14:40:02,P0300,Powertrain,HIGH
VH-10029,2026-08-29 19:21:28,P0300,Powertrain,HIGH
VH-10029,2026-08-29 08:15:46,P0300,Powertrain,HIGH
VH-10029,2026-08-29 20:07:08,P0300,Powertrain,HIGH
VH-10025,2026-08-29 04:48:58,P0562,Electrical,HIGH
VH-10025,2026-08-29 14:25:56,P0562,Electrical,HIGH
VH-10025,2026-08-29 10:34:23,P0562,Electrical,HIGH
VH-10025,2026-08-29 09:38:48,P0562,Electrical,HIGH
VH-10015,2026-08-30 09:28:59,P0217,Cooling System,CRITICAL
VH-10015,2026-08-30 17:26:48,P0217,Cooling System,CRITICAL
VH-10015,2026-08-30 11:04:25,P0217,Cooling System,CRITICAL
VH-10015,2026-08-30 11:02:00,P0217,Cooling System,CRITICAL
VH-10015,2026-08-30 05:06:02,P0217,Cooling System,CRITICAL
VH-10015,2026-08-30 13:54:48,P0217,Cooling System,CRITICAL
VH-10049,2026-08-30 07:16:59,P0562,Electrical,HIGH
VH-10049,2026-08-30 06:27:51,P0562,Electrical,HIGH
VH-10049,2026-08-30 06:12:11,P0562,Electrical,HIGH
VH-10049,2026-08-30 06:35:37,P0562,Electrical,HIGH
VH-10049,2026-08-30 08:26:04,P0562,Electrical,HIGH
VH-10001,2026-08-30 19:38:32,P0300,Powertrain,HIGH
VH-10001,2026-08-30 07:53:26,P0300,Powertrain,HIGH
VH-10042,2026-08-30 17:18:30,P0217,Cooling System,CRITICAL
VH-10042,2026-08-30 15:45:56,P0217,Cooling System,CRITICAL
VH-10042,2026-08-30 10:25:59,P0217,Cooling System,CRITICAL
VH-10034,2026-08-30 13:28:59,P0217,Cooling System,CRITICAL
VH-10034,2026-08-30 04:49:30,P0217,Cooling System,CRITICAL
VH-10034,2026-08-30 15:08:09,P0217,Cooling System,CRITICAL
VH-10034,2026-08-30 14:29:04,P0217,Cooling System,CRITICAL
VH-10034,2026-08-30 12:50:35,P0217,Cooling System,CRITICAL
VH-10034,2026-08-30 10:38:51,P0217,Cooling System,CRITICAL
VH-10004,2026-08-30 09:59:33,P0562,Electrical,HIGH
VH-10004,2026-08-30 09:23:53,P0562,Electrical,HIGH
VH-10004,2026-08-30 12:40:39,P0562,Electrical,HIGH
VH-10004,2026-08-30 10:41:23,P0562,Electrical,HIGH
VH-10003,2026-08-30 09:20:59,P0300,Powertrain,HIGH
VH-10003,2026-08-30 06:51:20,P0300,Powertrain,HIGH
VH-10003,2026-08-30 15:28:56,P0300,Powertrain,HIGH
VH-10003,2026-08-30 19:43:26,P0300,Powertrain,HIGH
VH-10003,2026-08-30 13:40:43,P0300,Powertrain,HIGH
VH-10003,2026-08-30 13:49:09,P0300,Powertrain,HIGH
VH-10038,2026-08-30 08:58:57,P0562,Electrical,HIGH
VH-10038,2026-08-30 04:43:34,P0562,Electrical,HIGH
VH-10038,2026-08-30 10:04:58,P0562,Electrical,HIGH
VH-10016,2026-08-30 09:53:11,P0217,Cooling System,CRITICAL
VH-10016,2026-08-30 04:44:44,P0217,Cooling System,CRITICAL
VH-10008,2026-08-30 19:16:18,P0562,Electrical,HIGH
VH-10008,2026-08-30 19:48:16,P0562,Electrical,HIGH
VH-10008,2026-08-30 11:18:15,P0562,Electrical,HIGH
VH-10035,2026-08-30 07:37:03,P0300,Powertrain,HIGH
VH-10035,2026-08-30 15:02:42,P0300,Powertrain,HIGH
VH-10035,2026-08-30 15:53:56,P0300,Powertrain,HIGH
VH-10035,2026-08-30 04:43:37,P0300,Powertrain,HIGH
VH-10038,2026-08-31 07:42:44,P0562,Electrical,HIGH
VH-10038,2026-08-31 19:00:37,P0562,Electrical,HIGH
VH-10038,2026-08-31 14:24:26,P0562,Electrical,HIGH
VH-10038,2026-08-31 16:42:36,P0562,Electrical,HIGH
VH-10038,2026-08-31 05:52:04,P0562,Electrical,HIGH
VH-10038,2026-08-31 05:41:58,P0562,Electrical,HIGH
VH-10006,2026-08-31 10:41:15,P0300,Powertrain,HIGH
VH-10006,2026-08-31 07:53:36,P0300,Powertrain,HIGH
VH-10006,2026-08-31 08:01:20,P0300,Powertrain,HIGH
VH-10006,2026-08-31 11:04:41,P0300,Powertrain,HIGH
VH-10006,2026-08-31 08:03:37,P0300,Powertrain,HIGH
VH-10019,2026-08-31 16:38:13,P0300,Powertrain,HIGH
VH-10019,2026-08-31 11:41:08,P0300,Powertrain,HIGH
VH-10015,2026-08-31 07:37:05,P0217,Cooling System,CRITICAL
VH-10015,2026-08-31 16:42:51,P0217,Cooling System,CRITICAL
VH-10003,2026-08-31 12:58:56,P0300,Powertrain,HIGH
VH-10016,2026-08-31 11:43:09,P0300,Powertrain,HIGH
VH-10016,2026-08-31 15:51:53,P0300,Powertrain,HIGH
VH-10016,2026-08-31 13:28:22,P0300,Powertrain,HIGH
VH-10016,2026-08-31 11:00:14,P0300,Powertrain,HIGH
VH-10016,2026-08-31 13:24:01,P0300,Powertrain,HIGH
VH-10016,2026-08-31 05:45:54,P0300,Powertrain,HIGH
VH-10021,2026-08-31 13:07:09,P0562,Electrical,HIGH
VH-10021,2026-08-31 06:11:03,P0562,Electrical,HIGH
VH-10021,2026-08-31 20:22:06,P0562,Electrical,HIGH
VH-10021,2026-08-31 09:19:58,P0562,Electrical,HIGH
VH-10042,2026-08-31 17:29:54,P0217,Cooling System,CRITICAL
VH-10042,2026-08-31 19:01:14,P0217,Cooling System,CRITICAL
VH-10042,2026-08-31 15:17:29,P0217,Cooling System,CRITICAL
VH-10042,2026-08-31 07:56:57,P0217,Cooling System,CRITICAL
VH-10042,2026-08-31 18:31:28,P0217,Cooling System,CRITICAL
VH-10042,2026-08-31 05:38:31,P0217,Cooling System,CRITICAL
VH-10050,2026-08-31 07:48:25,P0562,Electrical,HIGH
VH-10050,2026-08-31 15:08:35,P0562,Electrical,HIGH
VH-10029,2026-08-31 09:59:29,P0562,Electrical,HIGH
VH-10029,2026-08-31 17:46:51,P0562,Electrical,HIGH
VH-10029,2026-08-31 17:35:31,P0562,Electrical,HIGH
VH-10029,2026-08-31 17:09:43,P0562,Electrical,HIGH
VH-10029,2026-08-31 10:54:19,P0562,Electrical,HIGH
VH-10029,2026-08-31 18:50:01,P0562,Electrical,HIGH
VH-10018,2026-08-31 13:43:48,P0562,Electrical,HIGH
VH-10018,2026-08-31 09:12:05,P0562,Electrical,HIGH
VH-10018,2026-08-31 19:45:41,P0562,Electrical,HIGH
VH-10018,2026-08-31 13:13:00,P0562,Electrical,HIGH
VH-10035,2026-08-31 13:55:57,P0300,Powertrain,HIGH
VH-10035,2026-08-31 16:37:37,P0300,Powertrain,HIGH
VH-10035,2026-08-31 12:53:04,P0300,Powertrain,HIGH
VH-10035,2026-08-31 19:28:28,P0300,Powertrain,HIGH
VH-10047,2026-08-31 08:27:35,P0300,Powertrain,HIGH
VH-10047,2026-08-31 10:07:09,P0300,Powertrain,HIGH
VH-10047,2026-08-31 16:21:31,P0300,Powertrain,HIGH
VH-10047,2026-08-31 18:35:11,P0300,Powertrain,HIGH
VH-10047,2026-08-31 18:28:52,P0300,Powertrain,HIGH
VH-10047,2026-08-31 13:20:52,P0300,Powertrain,HIGH
VH-10024,2026-09-01 17:19:58,P0217,Cooling System,CRITICAL
VH-10024,2026-09-01 18:17:09,P0217,Cooling System,CRITICAL
VH-10016,2026-09-01 15:56:02,P0300,Powertrain,HIGH
VH-10016,2026-09-01 14:32:43,P0300,Powertrain,HIGH
VH-10016,2026-09-01 09:16:28,P0217,Cooling System,CRITICAL
VH-10016,2026-09-01 20:27:39,P0217,Cooling System,CRITICAL
VH-10032,2026-09-01 10:27:22,P0562,Electrical,HIGH
VH-10032,2026-09-01 17:58:55,P0562,Electrical,HIGH
VH-10032,2026-09-01 13:05:16,P0562,Electrical,HIGH
VH-10032,2026-09-01 19:22:17,P0562,Electrical,HIGH
VH-10004,2026-09-01 10:39:46,P0562,Electrical,HIGH
VH-10004,2026-09-01 06:27:35,P0562,Electrical,HIGH
VH-10004,2026-09-01 09:02:49,P0562,Electrical,HIGH
VH-10004,2026-09-01 14:36:47,P0562,Electrical,HIGH
VH-10004,2026-09-01 11:31:52,P0562,Electrical,HIGH
VH-10004,2026-09-01 10:55:53,P0562,Electrical,HIGH
VH-10018,2026-09-01 06:17:17,P0562,Electrical,HIGH
VH-10018,2026-09-01 15:34:08,P0562,Electrical,HIGH
VH-10018,2026-09-01 15:12:08,P0562,Electrical,HIGH
VH-10018,2026-09-01 08:44:37,P0562,Electrical,HIGH
VH-10018,2026-09-01 13:19:05,P0562,Electrical,HIGH
VH-10018,2026-09-01 09:30:35,P0562,Electrical,HIGH
VH-10022,2026-09-01 08:59:34,P0300,Powertrain,HIGH
VH-10022,2026-09-01 10:35:42,P0300,Powertrain,HIGH
VH-10022,2026-09-01 20:01:38,P0300,Powertrain,HIGH
VH-10022,2026-09-01 13:43:26,P0300,Powertrain,HIGH
VH-10001,2026-09-01 10:32:42,P0300,Powertrain,HIGH
VH-10001,2026-09-01 08:30:11,P0300,Powertrain,HIGH
VH-10001,2026-09-01 09:40:14,P0300,Powertrain,HIGH
VH-10001,2026-09-01 04:54:00,P0300,Powertrain,HIGH
VH-10001,2026-09-01 05:31:10,P0300,Powertrain,HIGH
VH-10001,2026-09-01 12:51:12,P0300,Powertrain,HIGH
VH-10049,2026-09-01 17:26:10,P0562,Electrical,HIGH
VH-10049,2026-09-01 20:05:26,P0300,Powertrain,HIGH
VH-10049,2026-09-01 12:19:39,P0300,Powertrain,HIGH
VH-10049,2026-09-01 19:58:01,P0300,Powertrain,HIGH
VH-10049,2026-09-01 19:36:28,P0300,Powertrain,HIGH
VH-10019,2026-09-01 11:16:57,P0300,Powertrain,HIGH
VH-10019,2026-09-01 18:16:06,P0300,Powertrain,HIGH
VH-10019,2026-09-01 05:00:15,P0300,Powertrain,HIGH
VH-10019,2026-09-01 13:03:52,P0300,Powertrain,HIGH
VH-10050,2026-09-01 07:13:35,P0562,Electrical,HIGH
VH-10050,2026-09-01 11:01:02,P0562,Electrical,HIGH
VH-10050,2026-09-01 10:28:13,P0562,Electrical,HIGH
VH-10050,2026-09-01 19:41:16,P0562,Electrical,HIGH
VH-10050,2026-09-01 13:10:46,P0562,Electrical,HIGH
VH-10013,2026-09-01 07:24:58,P0300,Powertrain,HIGH
VH-10034,2026-09-01 05:04:22,P0217,Cooling System,CRITICAL
VH-10034,2026-09-01 05:45:08,P0217,Cooling System,CRITICAL
VH-10011,2026-09-01 14:49:30,P0300,Powertrain,HIGH
VH-10011,2026-09-01 09:18:27,P0300,Powertrain,HIGH
VH-10011,2026-09-01 19:53:58,P0300,Powertrain,HIGH
VH-10011,2026-09-01 07:57:18,P0300,Powertrain,HIGH
VH-10011,2026-09-01 06:48:14,P0300,Powertrain,HIGH
VH-10011,2026-09-01 14:32:46,P0300,Powertrain,HIGH
VH-10039,2026-09-01 08:15:02,P0217,Cooling System,CRITICAL
VH-10039,2026-09-01 13:11:01,P0217,Cooling System,CRITICAL
VH-10039,2026-09-01 13:56:19,P0217,Cooling System,CRITICAL
VH-10039,2026-09-01 17:50:52,P0217,Cooling System,CRITICAL
VH-10012,2026-09-01 12:41:47,P0217,Cooling System,CRITICAL
VH-10012,2026-09-01 15:54:37,P0217,Cooling System,CRITICAL
VH-10012,2026-09-01 11:29:53,P0217,Cooling System,CRITICAL
VH-10012,2026-09-01 06:21:40,P0217,Cooling System,CRITICAL
VH-10012,2026-09-01 20:24:59,P0217,Cooling System,CRITICAL
VH-10042,2026-09-01 19:48:38,P0217,Cooling System,CRITICAL
VH-10042,2026-09-01 18:08:58,P0217,Cooling System,CRITICAL
VH-10029,2026-09-01 05:16:28,P0562,Electrical,HIGH
VH-10029,2026-09-01 10:46:19,P0562,Electrical,HIGH
VH-10029,2026-09-01 10:57:51,P0562,Electrical,HIGH
VH-10029,2026-09-01 10:04:35,P0562,Electrical,HIGH
VH-10029,2026-09-01 07:22:21,P0562,Electrical,HIGH
VH-10018,2026-09-02 05:16:16,P0562,Electrical,HIGH
VH-10018,2026-09-02 05:23:25,P0562,Electrical,HIGH
VH-10004,2026-09-02 17:07:14,P0562,Electrical,HIGH
VH-10020,2026-09-02 09:30:01,P0217,Cooling System,CRITICAL
VH-10020,2026-09-02 17:18:06,P0217,Cooling System,CRITICAL
VH-10011,2026-09-02 09:20:15,P0300,Powertrain,HIGH
VH-10011,2026-09-02 19:22:49,P0300,Powertrain,HIGH
VH-10011,2026-09-02 04:44:19,P0300,Powertrain,HIGH
VH-10011,2026-09-02 18:20:49,P0300,Powertrain,HIGH
VH-10039,2026-09-02 20:28:55,P0217,Cooling System,CRITICAL
VH-10039,2026-09-02 04:42:34,P0217,Cooling System,CRITICAL
VH-10049,2026-09-02 05:15:02,P0300,Powertrain,HIGH
VH-10049,2026-09-02 19:31:20,P0300,Powertrain,HIGH
VH-10047,2026-09-02 13:24:21,P0300,Powertrain,HIGH
VH-10032,2026-09-02 16:11:59,P0562,Electrical,HIGH
VH-10001,2026-09-02 19:57:26,P0300,Powertrain,HIGH
VH-10001,2026-09-02 05:49:04,P0300,Powertrain,HIGH
VH-10001,2026-09-02 08:40:43,P0300,Powertrain,HIGH
VH-10002,2026-09-02 06:07:50,P0300,Powertrain,HIGH
VH-10002,2026-09-02 16:44:35,P0300,Powertrain,HIGH
VH-10002,2026-09-02 08:04:44,P0300,Powertrain,HIGH
VH-10013,2026-09-02 13:20:57,P0300,Powertrain,HIGH
VH-10013,2026-09-02 05:54:38,P0300,Powertrain,HIGH
VH-10013,2026-09-02 05:19:47,P0300,Powertrain,HIGH
VH-10013,2026-09-02 06:03:21,P0300,Powertrain,HIGH
VH-10013,2026-09-02 15:30:57,P0300,Powertrain,HIGH
VH-10013,2026-09-02 13:19:39,P0300,Powertrain,HIGH
VH-10022,2026-09-02 15:34:41,P0300,Powertrain,HIGH
VH-10022,2026-09-02 15:34:50,P0300,Powertrain,HIGH
VH-10016,2026-09-02 18:27:57,P0217,Cooling System,CRITICAL
VH-10016,2026-09-02 06:48:08,P0217,Cooling System,CRITICAL
VH-10016,2026-09-02 16:48:54,P0217,Cooling System,CRITICAL
VH-10016,2026-09-02 11:56:06,P0217,Cooling System,CRITICAL
VH-10016,2026-09-02 11:11:46,P0217,Cooling System,CRITICAL
VH-10004,2026-09-03 09:55:31,P0217,Cooling System,CRITICAL
VH-10004,2026-09-03 12:45:48,P0217,Cooling System,CRITICAL
VH-10004,2026-09-03 07:38:11,P0217,Cooling System,CRITICAL
VH-10004,2026-09-03 18:06:27,P0217,Cooling System,CRITICAL
VH-10004,2026-09-03 04:53:08,P0217,Cooling System,CRITICAL
VH-10029,2026-09-03 19:04:07,P0300,Powertrain,HIGH
VH-10029,2026-09-03 04:45:23,P0300,Powertrain,HIGH
VH-10029,2026-09-03 08:07:47,P0300,Powertrain,HIGH
VH-10029,2026-09-03 11:08:34,P0300,Powertrain,HIGH
VH-10014,2026-09-03 11:15:17,P0217,Cooling System,CRITICAL
VH-10014,2026-09-03 04:36:46,P0217,Cooling System,CRITICAL
VH-10020,2026-09-03 16:56:45,P0217,Cooling System,CRITICAL
VH-10020,2026-09-03 13:41:15,P0217,Cooling System,CRITICAL
VH-10020,2026-09-03 16:48:38,P0217,Cooling System,CRITICAL
VH-10020,2026-09-03 09:36:38,P0217,Cooling System,CRITICAL
VH-10020,2026-09-03 11:20:17,P0217,Cooling System,CRITICAL
VH-10020,2026-09-03 09:39:03,P0217,Cooling System,CRITICAL
VH-10002,2026-09-03 08:19:34,P0300,Powertrain,HIGH
VH-10002,2026-09-03 04:40:59,P0300,Powertrain,HIGH
VH-10002,2026-09-03 09:28:04,P0300,Powertrain,HIGH
VH-10002,2026-09-03 19:50:04,P0300,Powertrain,HIGH
VH-10025,2026-09-03 18:14:51,P0562,Electrical,HIGH
VH-10025,2026-09-03 18:01:48,P0562,Electrical,HIGH
VH-10030,2026-09-03 18:29:26,P0562,Electrical,HIGH
VH-10030,2026-09-03 16:40:48,P0562,Electrical,HIGH
VH-10030,2026-09-03 13:40:46,P0562,Electrical,HIGH
VH-10030,2026-09-03 14:01:39,P0562,Electrical,HIGH
VH-10030,2026-09-03 19:44:37,P0562,Electrical,HIGH
VH-10016,2026-09-03 09:41:49,P0217,Cooling System,CRITICAL
VH-10016,2026-09-03 14:18:01,P0217,Cooling System,CRITICAL
VH-10016,2026-09-03 20:27:16,P0217,Cooling System,CRITICAL
VH-10017,2026-09-03 13:08:40,P0300,Powertrain,HIGH
VH-10019,2026-09-03 08:00:02,P0300,Powertrain,HIGH
VH-10019,2026-09-03 19:22:04,P0300,Powertrain,HIGH
VH-10020,2026-09-04 17:26:12,P0217,Cooling System,CRITICAL
VH-10020,2026-09-04 14:06:05,P0217,Cooling System,CRITICAL
VH-10036,2026-09-04 10:19:18,P0217,Cooling System,CRITICAL
VH-10036,2026-09-04 06:19:25,P0217,Cooling System,CRITICAL
VH-10036,2026-09-04 08:43:08,P0217,Cooling System,CRITICAL
VH-10036,2026-09-04 11:05:32,P0217,Cooling System,CRITICAL
VH-10036,2026-09-04 05:17:57,P0217,Cooling System,CRITICAL
VH-10017,2026-09-04 16:35:20,P0300,Powertrain,HIGH
VH-10017,2026-09-04 19:03:20,P0300,Powertrain,HIGH
VH-10017,2026-09-04 15:59:02,P0300,Powertrain,HIGH
VH-10017,2026-09-04 05:47:17,P0300,Powertrain,HIGH
VH-10017,2026-09-04 07:27:30,P0300,Powertrain,HIGH
VH-10017,2026-09-04 14:51:00,P0300,Powertrain,HIGH
VH-10025,2026-09-04 13:36:39,P0562,Electrical,HIGH
VH-10025,2026-09-04 09:04:15,P0562,Electrical,HIGH
VH-10025,2026-09-04 18:18:19,P0562,Electrical,HIGH
VH-10025,2026-09-04 06:01:08,P0562,Electrical,HIGH
VH-10025,2026-09-04 11:45:14,P0562,Electrical,HIGH
VH-10025,2026-09-04 09:04:23,P0562,Electrical,HIGH
VH-10016,2026-09-04 13:23:11,P0217,Cooling System,CRITICAL
VH-10016,2026-09-04 19:05:56,P0217,Cooling System,CRITICAL
VH-10016,2026-09-04 12:44:05,P0217,Cooling System,CRITICAL
VH-10016,2026-09-04 09:45:52,P0217,Cooling System,CRITICAL
VH-10004,2026-09-04 12:21:49,P0217,Cooling System,CRITICAL
VH-10004,2026-09-04 08:26:35,P0217,Cooling System,CRITICAL
VH-10004,2026-09-04 18:02:36,P0217,Cooling System,CRITICAL
VH-10004,2026-09-04 19:50:50,P0217,Cooling System,CRITICAL
VH-10040,2026-09-04 11:59:05,P0217,Cooling System,CRITICAL
VH-10040,2026-09-04 18:28:04,P0217,Cooling System,CRITICAL
VH-10040,2026-09-04 04:34:47,P0217,Cooling System,CRITICAL
VH-10040,2026-09-04 07:48:06,P0217,Cooling System,CRITICAL
VH-10029,2026-09-04 06:57:53,P0300,Powertrain,HIGH
VH-10029,2026-09-04 05:43:39,P0300,Powertrain,HIGH
VH-10030,2026-09-04 19:54:20,P0562,Electrical,HIGH
VH-10030,2026-09-04 15:27:53,P0562,Electrical,HIGH
VH-10030,2026-09-04 04:55:50,P0562,Electrical,HIGH
VH-10030,2026-09-04 20:01:38,P0562,Electrical,HIGH
VH-10009,2026-09-04 15:46:54,P0562,Electrical,HIGH
VH-10009,2026-09-04 05:57:19,P0562,Electrical,HIGH
VH-10009,2026-09-04 12:37:56,P0562,Electrical,HIGH
VH-10009,2026-09-04 19:11:14,P0562,Electrical,HIGH
VH-10009,2026-09-04 17:01:58,P0562,Electrical,HIGH
VH-10009,2026-09-04 11:47:07,P0562,Electrical,HIGH
VH-10046,2026-09-04 12:50:05,P0300,Powertrain,HIGH
VH-10046,2026-09-04 09:18:56,P0300,Powertrain,HIGH
VH-10046,2026-09-04 05:46:06,P0300,Powertrain,HIGH
VH-10046,2026-09-04 09:50:21,P0300,Powertrain,HIGH
VH-10046,2026-09-04 08:36:19,P0300,Powertrain,HIGH
VH-10045,2026-09-04 09:30:49,P0300,Powertrain,HIGH
VH-10045,2026-09-04 16:38:09,P0300,Powertrain,HIGH
VH-10045,2026-09-04 07:35:11,P0300,Powertrain,HIGH
VH-10045,2026-09-04 09:32:19,P0300,Powertrain,HIGH
VH-10045,2026-09-04 05:59:36,P0300,Powertrain,HIGH
VH-10019,2026-09-04 11:59:02,P0300,Powertrain,HIGH
VH-10019,2026-09-04 07:21:03,P0300,Powertrain,HIGH
VH-10019,2026-09-04 18:05:01,P0300,Powertrain,HIGH
VH-10013,2026-09-04 09:50:41,P0300,Powertrain,HIGH
VH-10013,2026-09-04 18:25:44,P0300,Powertrain,HIGH
VH-10013,2026-09-04 08:46:08,P0300,Powertrain,HIGH
VH-10007,2026-09-05 18:01:15,P0562,Electrical,HIGH
VH-10029,2026-09-05 09:29:55,P0217,Cooling System,CRITICAL
VH-10029,2026-09-05 16:06:14,P0217,Cooling System,CRITICAL
VH-10030,2026-09-05 15:32:55,P0562,Electrical,HIGH
VH-10030,2026-09-05 19:36:17,P0562,Electrical,HIGH
VH-10036,2026-09-05 14:13:18,P0217,Cooling System,CRITICAL
VH-10036,2026-09-05 14:30:14,P0217,Cooling System,CRITICAL
VH-10036,2026-09-05 09:58:15,P0217,Cooling System,CRITICAL
VH-10036,2026-09-05 14:31:15,P0217,Cooling System,CRITICAL
VH-10036,2026-09-05 13:07:44,P0217,Cooling System,CRITICAL
VH-10036,2026-09-05 15:40:48,P0217,Cooling System,CRITICAL
VH-10008,2026-09-05 08:30:11,P0300,Powertrain,HIGH
VH-10008,2026-09-05 08:34:41,P0300,Powertrain,HIGH
VH-10008,2026-09-05 09:09:20,P0300,Powertrain,HIGH
VH-10049,2026-09-05 09:33:45,P0217,Cooling System,CRITICAL
VH-10049,2026-09-05 09:24:59,P0217,Cooling System,CRITICAL
VH-10017,2026-09-05 05:39:36,P0300,Powertrain,HIGH
VH-10017,2026-09-05 05:42:33,P0300,Powertrain,HIGH
VH-10017,2026-09-05 16:52:28,P0300,Powertrain,HIGH
VH-10017,2026-09-05 09:49:58,P0300,Powertrain,HIGH
VH-10017,2026-09-05 19:19:19,P0300,Powertrain,HIGH
VH-10014,2026-09-05 05:40:47,P0217,Cooling System,CRITICAL
VH-10014,2026-09-05 06:15:12,P0217,Cooling System,CRITICAL
VH-10014,2026-09-05 13:18:42,P0217,Cooling System,CRITICAL
VH-10014,2026-09-05 08:48:11,P0217,Cooling System,CRITICAL
VH-10014,2026-09-05 19:04:09,P0217,Cooling System,CRITICAL
VH-10014,2026-09-05 08:13:29,P0217,Cooling System,CRITICAL
VH-10009,2026-09-05 06:47:20,P0562,Electrical,HIGH
VH-10045,2026-09-05 09:52:21,P0300,Powertrain,HIGH
VH-10045,2026-09-05 05:38:54,P0300,Powertrain,HIGH
VH-10045,2026-09-05 10:34:20,P0300,Powertrain,HIGH
VH-10045,2026-09-05 11:50:31,P0300,Powertrain,HIGH
VH-10045,2026-09-05 15:53:38,P0300,Powertrain,HIGH
VH-10045,2026-09-05 19:43:07,P0300,Powertrain,HIGH
VH-10050,2026-09-05 19:58:29,P0217,Cooling System,CRITICAL
VH-10050,2026-09-05 18:41:08,P0217,Cooling System,CRITICAL
VH-10050,2026-09-05 16:29:36,P0217,Cooling System,CRITICAL
VH-10050,2026-09-05 16:23:13,P0217,Cooling System,CRITICAL
VH-10050,2026-09-05 19:56:51,P0217,Cooling System,CRITICAL
VH-10012,2026-09-05 08:55:51,P0300,Powertrain,HIGH
VH-10012,2026-09-05 15:43:22,P0300,Powertrain,HIGH
VH-10012,2026-09-05 10:30:13,P0300,Powertrain,HIGH
VH-10012,2026-09-05 17:15:56,P0300,Powertrain,HIGH
VH-10012,2026-09-05 13:35:55,P0300,Powertrain,HIGH
VH-10012,2026-09-05 16:31:37,P0300,Powertrain,HIGH
VH-10027,2026-09-05 14:49:20,P0300,Powertrain,HIGH
VH-10027,2026-09-05 18:24:02,P0300,Powertrain,HIGH
VH-10027,2026-09-05 15:29:45,P0300,Powertrain,HIGH
VH-10039,2026-09-06 04:53:32,P0217,Cooling System,CRITICAL
VH-10039,2026-09-06 12:26:25,P0217,Cooling System,CRITICAL
VH-10039,2026-09-06 08:49:53,P0217,Cooling System,CRITICAL
VH-10039,2026-09-06 09:09:38,P0217,Cooling System,CRITICAL
VH-10039,2026-09-06 11:09:56,P0217,Cooling System,CRITICAL
VH-10039,2026-09-06 07:11:25,P0217,Cooling System,CRITICAL
VH-10012,2026-09-06 19:18:13,P0300,Powertrain,HIGH
VH-10012,2026-09-06 18:50:35,P0300,Powertrain,HIGH
VH-10012,2026-09-06 18:20:57,P0300,Powertrain,HIGH
VH-10012,2026-09-06 05:06:27,P0300,Powertrain,HIGH
VH-10012,2026-09-06 06:01:47,P0300,Powertrain,HIGH
VH-10012,2026-09-06 14:38:38,P0300,Powertrain,HIGH
VH-10030,2026-09-06 19:49:58,P0562,Electrical,HIGH
VH-10030,2026-09-06 18:04:22,P0562,Electrical,HIGH
VH-10030,2026-09-06 06:05:09,P0562,Electrical,HIGH
VH-10030,2026-09-06 14:40:22,P0562,Electrical,HIGH
VH-10049,2026-09-06 15:13:28,P0217,Cooling System,CRITICAL
VH-10049,2026-09-06 17:01:48,P0217,Cooling System,CRITICAL
VH-10040,2026-09-06 09:58:50,P0217,Cooling System,CRITICAL
VH-10040,2026-09-06 16:12:28,P0217,Cooling System,CRITICAL
VH-10040,2026-09-06 14:47:31,P0217,Cooling System,CRITICAL
VH-10040,2026-09-06 10:34:13,P0217,Cooling System,CRITICAL
VH-10040,2026-09-06 14:21:57,P0217,Cooling System,CRITICAL
VH-10040,2026-09-06 05:00:55,P0217,Cooling System,CRITICAL
VH-10029,2026-09-06 11:14:49,P0217,Cooling System,CRITICAL
VH-10029,2026-09-06 08:46:25,P0217,Cooling System,CRITICAL
VH-10029,2026-09-06 08:30:39,P0217,Cooling System,CRITICAL
VH-10029,2026-09-06 11:59:39,P0217,Cooling System,CRITICAL
VH-10029,2026-09-06 20:24:05,P0217,Cooling System,CRITICAL
VH-10029,2026-09-06 16:28:23,P0217,Cooling System,CRITICAL
VH-10015,2026-09-06 05:50:40,P0300,Powertrain,HIGH
VH-10044,2026-09-06 06:19:48,P0217,Cooling System,CRITICAL
VH-10044,2026-09-06 15:15:04,P0217,Cooling System,CRITICAL
VH-10044,2026-09-06 16:56:38,P0217,Cooling System,CRITICAL
VH-10044,2026-09-06 18:15:19,P0217,Cooling System,CRITICAL
VH-10008,2026-09-06 13:14:51,P0300,Powertrain,HIGH
VH-10008,2026-09-06 13:35:40,P0300,Powertrain,HIGH
VH-10008,2026-09-06 20:16:48,P0300,Powertrain,HIGH
VH-10008,2026-09-06 15:10:32,P0300,Powertrain,HIGH
VH-10008,2026-09-06 18:35:23,P0300,Powertrain,HIGH
VH-10008,2026-09-06 06:22:17,P0300,Powertrain,HIGH
VH-10050,2026-09-06 20:08:38,P0217,Cooling System,CRITICAL
VH-10050,2026-09-06 16:12:02,P0217,Cooling System,CRITICAL
VH-10050,2026-09-06 11:24:38,P0217,Cooling System,CRITICAL
VH-10050,2026-09-06 06:03:19,P0217,Cooling System,CRITICAL
VH-10050,2026-09-06 11:13:11,P0217,Cooling System,CRITICAL
VH-10050,2026-09-06 12:01:36,P0217,Cooling System,CRITICAL
VH-10036,2026-09-06 16:18:24,P0217,Cooling System,CRITICAL
VH-10014,2026-09-06 12:23:40,P0217,Cooling System,CRITICAL
VH-10014,2026-09-06 17:45:17,P0217,Cooling System,CRITICAL
VH-10014,2026-09-06 17:26:47,P0217,Cooling System,CRITICAL
VH-10014,2026-09-06 12:12:54,P0562,Electrical,HIGH
VH-10014,2026-09-06 08:19:49,P0562,Electrical,HIGH
VH-10006,2026-09-06 18:28:14,P0562,Electrical,HIGH
VH-10006,2026-09-06 19:17:51,P0562,Electrical,HIGH
VH-10002,2026-09-06 09:08:02,P0217,Cooling System,CRITICAL
VH-10024,2026-09-06 05:04:11,P0217,Cooling System,CRITICAL
VH-10027,2026-09-07 13:03:02,P0300,Powertrain,HIGH
VH-10027,2026-09-07 18:32:55,P0300,Powertrain,HIGH
VH-10027,2026-09-07 10:02:00,P0300,Powertrain,HIGH
VH-10027,2026-09-07 10:43:49,P0300,Powertrain,HIGH
VH-10027,2026-09-07 17:39:06,P0300,Powertrain,HIGH
VH-10027,2026-09-07 06:20:09,P0300,Powertrain,HIGH
VH-10039,2026-09-07 06:21:38,P0217,Cooling System,CRITICAL
VH-10039,2026-09-07 17:11:12,P0217,Cooling System,CRITICAL
VH-10039,2026-09-07 10:06:41,P0217,Cooling System,CRITICAL
VH-10039,2026-09-07 05:33:41,P0217,Cooling System,CRITICAL
VH-10039,2026-09-07 13:41:05,P0217,Cooling System,CRITICAL
VH-10039,2026-09-07 18:44:14,P0217,Cooling System,CRITICAL
VH-10015,2026-09-07 08:26:12,P0300,Powertrain,HIGH
VH-10015,2026-09-07 13:14:55,P0300,Powertrain,HIGH
VH-10015,2026-09-07 16:53:15,P0300,Powertrain,HIGH
VH-10015,2026-09-07 06:06:00,P0300,Powertrain,HIGH
VH-10006,2026-09-07 06:01:35,P0562,Electrical,HIGH
VH-10006,2026-09-07 20:31:17,P0562,Electrical,HIGH
VH-10006,2026-09-07 16:47:30,P0562,Electrical,HIGH
VH-10006,2026-09-07 08:35:57,P0562,Electrical,HIGH
VH-10006,2026-09-07 10:50:00,P0562,Electrical,HIGH
VH-10047,2026-09-07 04:58:16,P0562,Electrical,HIGH
VH-10047,2026-09-07 09:20:31,P0562,Electrical,HIGH
VH-10047,2026-09-07 10:52:15,P0562,Electrical,HIGH
VH-10047,2026-09-07 08:29:05,P0562,Electrical,HIGH
VH-10007,2026-09-07 11:44:31,P0562,Electrical,HIGH
VH-10007,2026-09-07 16:00:11,P0562,Electrical,HIGH
VH-10007,2026-09-07 14:17:03,P0562,Electrical,HIGH
VH-10007,2026-09-07 16:23:09,P0562,Electrical,HIGH
VH-10007,2026-09-07 20:12:28,P0562,Electrical,HIGH
VH-10007,2026-09-07 12:50:50,P0562,Electrical,HIGH
VH-10008,2026-09-07 12:16:22,P0300,Powertrain,HIGH
VH-10008,2026-09-07 06:01:27,P0300,Powertrain,HIGH
VH-10008,2026-09-07 06:23:51,P0300,Powertrain,HIGH
VH-10038,2026-09-07 16:59:57,P0217,Cooling System,CRITICAL
VH-10038,2026-09-07 20:04:00,P0217,Cooling System,CRITICAL
VH-10038,2026-09-07 15:22:33,P0217,Cooling System,CRITICAL
VH-10038,2026-09-07 20:17:24,P0217,Cooling System,CRITICAL
VH-10038,2026-09-07 19:29:38,P0217,Cooling System,CRITICAL
VH-10033,2026-09-07 13:11:40,P0300,Powertrain,HIGH
VH-10037,2026-09-07 10:54:53,P0300,Powertrain,HIGH
VH-10037,2026-09-07 14:52:11,P0300,Powertrain,HIGH
VH-10037,2026-09-07 06:20:22,P0300,Powertrain,HIGH
VH-10037,2026-09-07 10:03:26,P0300,Powertrain,HIGH
VH-10014,2026-09-07 14:34:01,P0562,Electrical,HIGH
VH-10014,2026-09-07 05:50:54,P0562,Electrical,HIGH
VH-10001,2026-09-07 17:08:43,P0217,Cooling System,CRITICAL
VH-10023,2026-09-07 05:07:39,P0300,Powertrain,HIGH
VH-10023,2026-09-07 06:04:40,P0300,Powertrain,HIGH
VH-10023,2026-09-07 18:09:48,P0300,Powertrain,HIGH
VH-10023,2026-09-07 05:54:15,P0300,Powertrain,HIGH
VH-10029,2026-09-07 17:21:47,P0217,Cooling System,CRITICAL
VH-10015,2026-09-08 14:30:29,P0300,Powertrain,HIGH
VH-10015,2026-09-08 06:46:02,P0300,Powertrain,HIGH
VH-10015,2026-09-08 15:11:47,P0300,Powertrain,HIGH
VH-10015,2026-09-08 12:31:20,P0300,Powertrain,HIGH
VH-10015,2026-09-08 14:21:57,P0300,Powertrain,HIGH
VH-10023,2026-09-08 07:13:18,P0300,Powertrain,HIGH
VH-10050,2026-09-08 19:23:00,P0217,Cooling System,CRITICAL
VH-10002,2026-09-08 10:46:25,P0217,Cooling System,CRITICAL
VH-10002,2026-09-08 17:15:00,P0217,Cooling System,CRITICAL
VH-10002,2026-09-08 08:11:44,P0217,Cooling System,CRITICAL
VH-10002,2026-09-08 17:08:12,P0217,Cooling System,CRITICAL
VH-10002,2026-09-08 07:57:42,P0217,Cooling System,CRITICAL
VH-10002,2026-09-08 09:15:03,P0217,Cooling System,CRITICAL
VH-10008,2026-09-08 09:07:46,P0300,Powertrain,HIGH
VH-10008,2026-09-08 11:17:24,P0300,Powertrain,HIGH
VH-10008,2026-09-08 17:57:02,P0300,Powertrain,HIGH
VH-10008,2026-09-08 18:31:09,P0300,Powertrain,HIGH
VH-10008,2026-09-08 14:05:37,P0300,Powertrain,HIGH
VH-10008,2026-09-08 16:20:50,P0300,Powertrain,HIGH
VH-10024,2026-09-08 16:44:20,P0217,Cooling System,CRITICAL
VH-10024,2026-09-08 17:48:49,P0217,Cooling System,CRITICAL
VH-10024,2026-09-08 14:00:34,P0217,Cooling System,CRITICAL
VH-10014,2026-09-08 07:36:49,P0300,Powertrain,HIGH
VH-10014,2026-09-08 14:33:59,P0300,Powertrain,HIGH
VH-10014,2026-09-08 16:14:28,P0300,Powertrain,HIGH
VH-10014,2026-09-08 19:41:09,P0300,Powertrain,HIGH
VH-10014,2026-09-08 13:56:59,P0300,Powertrain,HIGH
VH-10014,2026-09-08 20:24:24,P0300,Powertrain,HIGH
VH-10030,2026-09-08 13:58:38,P0562,Electrical,HIGH
VH-10030,2026-09-08 08:16:58,P0562,Electrical,HIGH
VH-10030,2026-09-08 12:20:47,P0562,Electrical,HIGH
VH-10030,2026-09-08 07:14:47,P0562,Electrical,HIGH
VH-10030,2026-09-08 14:54:58,P0217,Cooling System,CRITICAL
VH-10009,2026-09-08 19:38:41,P0217,Cooling System,CRITICAL
VH-10009,2026-09-08 15:35:42,P0217,Cooling System,CRITICAL
VH-10009,2026-09-08 15:44:19,P0217,Cooling System,CRITICAL
VH-10027,2026-09-08 11:05:06,P0300,Powertrain,HIGH
VH-10027,2026-09-08 18:50:45,P0300,Powertrain,HIGH
VH-10007,2026-09-08 12:55:36,P0562,Electrical,HIGH
VH-10007,2026-09-08 06:05:27,P0562,Electrical,HIGH
VH-10007,2026-09-08 14:13:33,P0562,Electrical,HIGH
VH-10001,2026-09-08 11:20:09,P0217,Cooling System,CRITICAL
VH-10001,2026-09-08 06:05:04,P0217,Cooling System,CRITICAL
VH-10001,2026-09-08 05:25:35,P0217,Cooling System,CRITICAL
VH-10001,2026-09-08 18:53:28,P0217,Cooling System,CRITICAL
VH-10044,2026-09-08 16:26:46,P0217,Cooling System,CRITICAL
VH-10044,2026-09-08 08:41:34,P0217,Cooling System,CRITICAL
VH-10044,2026-09-08 14:12:06,P0217,Cooling System,CRITICAL
VH-10044,2026-09-08 06:34:07,P0217,Cooling System,CRITICAL
VH-10044,2026-09-08 11:25:36,P0217,Cooling System,CRITICAL
VH-10044,2026-09-08 17:01:06,P0217,Cooling System,CRITICAL
VH-10042,2026-09-08 12:45:18,P0562,Electrical,HIGH
VH-10033,2026-09-08 15:21:12,P0300,Powertrain,HIGH
VH-10033,2026-09-08 14:35:39,P0300,Powertrain,HIGH
VH-10033,2026-09-08 15:06:43,P0300,Powertrain,HIGH
VH-10033,2026-09-08 14:53:39,P0300,Powertrain,HIGH
VH-10033,2026-09-08 15:53:07,P0300,Powertrain,HIGH
VH-10033,2026-09-08 12:04:49,P0300,Powertrain,HIGH
VH-10029,2026-09-08 16:15:54,P0217,Cooling System,CRITICAL
VH-10029,2026-09-08 05:44:36,P0217,Cooling System,CRITICAL
VH-10038,2026-09-09 10:27:19,P0217,Cooling System,CRITICAL
VH-10038,2026-09-09 19:42:22,P0217,Cooling System,CRITICAL
VH-10012,2026-09-09 16:13:49,P0217,Cooling System,CRITICAL
VH-10012,2026-09-09 10:36:30,P0217,Cooling System,CRITICAL
VH-10012,2026-09-09 05:12:59,P0217,Cooling System,CRITICAL
VH-10012,2026-09-09 11:26:40,P0217,Cooling System,CRITICAL
VH-10012,2026-09-09 18:52:26,P0217,Cooling System,CRITICAL
VH-10045,2026-09-09 17:29:34,P0562,Electrical,HIGH
VH-10029,2026-09-09 18:58:04,P0217,Cooling System,CRITICAL
VH-10029,2026-09-09 07:03:30,P0217,Cooling System,CRITICAL
VH-10011,2026-09-09 12:10:29,P0217,Cooling System,CRITICAL
VH-10011,2026-09-09 13:04:54,P0217,Cooling System,CRITICAL
VH-10011,2026-09-09 06:02:47,P0217,Cooling System,CRITICAL
VH-10011,2026-09-09 09:35:09,P0217,Cooling System,CRITICAL
VH-10011,2026-09-09 15:01:27,P0217,Cooling System,CRITICAL
VH-10011,2026-09-09 17:59:34,P0217,Cooling System,CRITICAL
VH-10041,2026-09-09 12:23:21,P0217,Cooling System,CRITICAL
VH-10041,2026-09-09 19:04:35,P0217,Cooling System,CRITICAL
VH-10042,2026-09-09 20:14:56,P0562,Electrical,HIGH
VH-10042,2026-09-09 20:06:06,P0562,Electrical,HIGH
VH-10042,2026-09-09 05:35:26,P0562,Electrical,HIGH
VH-10042,2026-09-09 20:32:20,P0562,Electrical,HIGH
VH-10042,2026-09-09 14:30:15,P0562,Electrical,HIGH
VH-10042,2026-09-09 20:28:38,P0562,Electrical,HIGH
VH-10014,2026-09-09 10:25:10,P0300,Powertrain,HIGH
VH-10014,2026-09-09 19:09:52,P0300,Powertrain,HIGH
VH-10014,2026-09-09 11:57:08,P0300,Powertrain,HIGH
VH-10014,2026-09-09 07:20:38,P0300,Powertrain,HIGH
VH-10014,2026-09-09 19:20:14,P0300,Powertrain,HIGH
VH-10014,2026-09-09 05:20:46,P0300,Powertrain,HIGH
VH-10019,2026-09-09 13:18:04,P0217,Cooling System,CRITICAL
VH-10019,2026-09-09 05:42:15,P0217,Cooling System,CRITICAL
VH-10015,2026-09-09 19:05:38,P0300,Powertrain,HIGH
VH-10017,2026-09-09 05:33:28,P0300,Powertrain,HIGH
VH-10030,2026-09-09 18:45:06,P0217,Cooling System,CRITICAL
VH-10030,2026-09-09 11:44:04,P0217,Cooling System,CRITICAL
VH-10030,2026-09-09 08:19:41,P0217,Cooling System,CRITICAL
VH-10030,2026-09-09 13:49:54,P0217,Cooling System,CRITICAL
VH-10030,2026-09-09 09:18:10,P0217,Cooling System,CRITICAL
VH-10013,2026-09-09 04:42:35,P0562,Electrical,HIGH
VH-10013,2026-09-09 17:30:47,P0562,Electrical,HIGH
VH-10013,2026-09-09 06:58:08,P0562,Electrical,HIGH
VH-10013,2026-09-09 10:38:46,P0562,Electrical,HIGH
VH-10008,2026-09-09 11:27:25,P0300,Powertrain,HIGH
VH-10008,2026-09-09 12:39:58,P0300,Powertrain,HIGH
VH-10008,2026-09-09 16:12:51,P0300,Powertrain,HIGH
VH-10008,2026-09-09 09:35:46,P0300,Powertrain,HIGH
VH-10009,2026-09-09 04:46:21,P0217,Cooling System,CRITICAL
VH-10009,2026-09-09 13:38:40,P0217,Cooling System,CRITICAL
VH-10009,2026-09-09 18:05:52,P0217,Cooling System,CRITICAL
VH-10009,2026-09-09 15:10:59,P0217,Cooling System,CRITICAL
VH-10009,2026-09-09 14:17:36,P0217,Cooling System,CRITICAL
VH-10046,2026-09-09 04:51:39,P0217,Cooling System,CRITICAL
VH-10046,2026-09-09 10:02:08,P0217,Cooling System,CRITICAL
VH-10046,2026-09-09 10:04:24,P0217,Cooling System,CRITICAL
VH-10046,2026-09-09 11:34:12,P0217,Cooling System,CRITICAL
VH-10046,2026-09-09 13:45:32,P0217,Cooling System,CRITICAL
VH-10046,2026-09-09 20:25:45,P0217,Cooling System,CRITICAL
VH-10033,2026-09-09 17:33:34,P0300,Powertrain,HIGH
VH-10033,2026-09-09 15:42:11,P0300,Powertrain,HIGH
VH-10033,2026-09-09 15:33:22,P0300,Powertrain,HIGH
VH-10033,2026-09-09 19:43:40,P0300,Powertrain,HIGH
VH-10033,2026-09-09 06:01:07,P0300,Powertrain,HIGH
VH-10047,2026-09-09 10:26:06,P0562,Electrical,HIGH
VH-10002,2026-09-09 18:16:27,P0217,Cooling System,CRITICAL
VH-10002,2026-09-09 08:24:03,P0217,Cooling System,CRITICAL
VH-10002,2026-09-09 10:11:23,P0217,Cooling System,CRITICAL
VH-10002,2026-09-09 20:11:40,P0217,Cooling System,CRITICAL
VH-10046,2026-09-10 08:48:42,P0217,Cooling System,CRITICAL
VH-10046,2026-09-10 19:36:45,P0217,Cooling System,CRITICAL
VH-10046,2026-09-10 16:14:59,P0217,Cooling System,CRITICAL
VH-10046,2026-09-10 14:10:36,P0217,Cooling System,CRITICAL
VH-10046,2026-09-10 06:32:45,P0217,Cooling System,CRITICAL
VH-10033,2026-09-10 16:31:57,P0562,Electrical,HIGH
VH-10033,2026-09-10 16:58:47,P0562,Electrical,HIGH
VH-10033,2026-09-10 10:05:26,P0562,Electrical,HIGH
VH-10033,2026-09-10 10:04:14,P0562,Electrical,HIGH
VH-10033,2026-09-10 13:31:07,P0562,Electrical,HIGH
VH-10011,2026-09-10 18:34:19,P0217,Cooling System,CRITICAL
VH-10011,2026-09-10 05:30:06,P0217,Cooling System,CRITICAL
VH-10011,2026-09-10 07:58:53,P0217,Cooling System,CRITICAL
VH-10011,2026-09-10 11:42:54,P0217,Cooling System,CRITICAL
VH-10011,2026-09-10 09:39:25,P0217,Cooling System,CRITICAL
VH-10030,2026-09-10 06:16:32,P0562,Electrical,HIGH
VH-10030,2026-09-10 18:37:25,P0562,Electrical,HIGH
VH-10030,2026-09-10 11:35:52,P0562,Electrical,HIGH
VH-10041,2026-09-10 10:03:21,P0217,Cooling System,CRITICAL
VH-10041,2026-09-10 04:44:55,P0217,Cooling System,CRITICAL
VH-10041,2026-09-10 14:23:35,P0217,Cooling System,CRITICAL
VH-10041,2026-09-10 17:24:54,P0217,Cooling System,CRITICAL
VH-10041,2026-09-10 09:04:26,P0217,Cooling System,CRITICAL
VH-10041,2026-09-10 06:28:17,P0217,Cooling System,CRITICAL
VH-10029,2026-09-10 16:41:57,P0300,Powertrain,HIGH
VH-10013,2026-09-10 05:45:48,P0562,Electrical,HIGH
VH-10013,2026-09-10 05:44:25,P0562,Electrical,HIGH
VH-10012,2026-09-10 18:33:25,P0217,Cooling System,CRITICAL
VH-10012,2026-09-10 09:45:59,P0217,Cooling System,CRITICAL
VH-10012,2026-09-10 13:59:48,P0217,Cooling System,CRITICAL
VH-10012,2026-09-10 17:49:40,P0217,Cooling System,CRITICAL
VH-10012,2026-09-10 09:46:11,P0217,Cooling System,CRITICAL
VH-10012,2026-09-10 13:45:00,P0217,Cooling System,CRITICAL
VH-10019,2026-09-10 05:11:58,P0217,Cooling System,CRITICAL
VH-10019,2026-09-10 06:22:33,P0217,Cooling System,CRITICAL
VH-10019,2026-09-10 10:02:04,P0217,Cooling System,CRITICAL
VH-10019,2026-09-10 05:53:11,P0217,Cooling System,CRITICAL
VH-10019,2026-09-10 04:39:09,P0217,Cooling System,CRITICAL
VH-10019,2026-09-10 17:03:09,P0217,Cooling System,CRITICAL
VH-10044,2026-09-10 06:09:49,P0217,Cooling System,CRITICAL
VH-10044,2026-09-10 08:40:23,P0217,Cooling System,CRITICAL
VH-10040,2026-09-10 04:47:37,P0562,Electrical,HIGH
VH-10040,2026-09-10 09:58:31,P0562,Electrical,HIGH
VH-10040,2026-09-10 18:04:27,P0562,Electrical,HIGH
VH-10040,2026-09-10 16:02:57,P0562,Electrical,HIGH
VH-10040,2026-09-10 14:42:57,P0562,Electrical,HIGH
VH-10040,2026-09-10 15:40:59,P0562,Electrical,HIGH
VH-10045,2026-09-10 18:04:23,P0562,Electrical,HIGH
VH-10045,2026-09-10 16:57:39,P0562,Electrical,HIGH
VH-10045,2026-09-10 10:44:00,P0562,Electrical,HIGH
VH-10045,2026-09-10 16:52:51,P0562,Electrical,HIGH
VH-10045,2026-09-10 09:47:12,P0562,Electrical,HIGH
VH-10045,2026-09-10 13:59:40,P0562,Electrical,HIGH
VH-10017,2026-09-10 16:36:17,P0300,Powertrain,HIGH
VH-10017,2026-09-10 11:19:07,P0300,Powertrain,HIGH
VH-10017,2026-09-10 07:14:16,P0300,Powertrain,HIGH
VH-10017,2026-09-10 07:37:56,P0300,Powertrain,HIGH
VH-10017,2026-09-10 16:27:31,P0300,Powertrain,HIGH
VH-10017,2026-09-10 15:38:59,P0300,Powertrain,HIGH
VH-10047,2026-09-10 15:41:36,P0562,Electrical,HIGH
VH-10047,2026-09-10 05:47:53,P0562,Electrical,HIGH
VH-10032,2026-09-11 08:11:22,P0300,Powertrain,HIGH
VH-10032,2026-09-11 19:01:55,P0300,Powertrain,HIGH
VH-10032,2026-09-11 12:41:45,P0300,Powertrain,HIGH
VH-10033,2026-09-11 08:24:14,P0562,Electrical,HIGH
VH-10033,2026-09-11 06:29:30,P0562,Electrical,HIGH
VH-10033,2026-09-11 11:30:10,P0562,Electrical,HIGH
VH-10033,2026-09-11 16:33:21,P0562,Electrical,HIGH
VH-10041,2026-09-11 19:34:14,P0217,Cooling System,CRITICAL
VH-10019,2026-09-11 11:58:31,P0217,Cooling System,CRITICAL
VH-10019,2026-09-11 14:00:19,P0217,Cooling System,CRITICAL
VH-10019,2026-09-11 06:23:59,P0217,Cooling System,CRITICAL
VH-10019,2026-09-11 15:34:09,P0217,Cooling System,CRITICAL
VH-10045,2026-09-11 13:34:42,P0562,Electrical,HIGH
VH-10045,2026-09-11 16:55:50,P0562,Electrical,HIGH
VH-10045,2026-09-11 19:21:55,P0562,Electrical,HIGH
VH-10016,2026-09-11 07:49:08,P0300,Powertrain,HIGH
VH-10016,2026-09-11 12:54:27,P0300,Powertrain,HIGH
VH-10035,2026-09-11 17:23:38,P0562,Electrical,HIGH
VH-10039,2026-09-11 08:46:17,P0562,Electrical,HIGH
VH-10039,2026-09-11 12:36:32,P0562,Electrical,HIGH
VH-10039,2026-09-11 04:35:04,P0562,Electrical,HIGH
VH-10039,2026-09-11 10:25:37,P0562,Electrical,HIGH
VH-10039,2026-09-11 12:41:26,P0562,Electrical,HIGH
VH-10017,2026-09-11 16:30:39,P0300,Powertrain,HIGH
VH-10022,2026-09-11 10:37:17,P0562,Electrical,HIGH
VH-10022,2026-09-11 13:08:04,P0562,Electrical,HIGH
VH-10022,2026-09-11 08:45:25,P0562,Electrical,HIGH
VH-10022,2026-09-11 19:38:00,P0562,Electrical,HIGH
VH-10022,2026-09-11 19:34:44,P0562,Electrical,HIGH
VH-10047,2026-09-11 20:01:02,P0562,Electrical,HIGH
VH-10047,2026-09-11 13:28:20,P0562,Electrical,HIGH
VH-10047,2026-09-11 18:53:39,P0562,Electrical,HIGH
VH-10047,2026-09-11 07:11:18,P0562,Electrical,HIGH
VH-10047,2026-09-11 10:41:39,P0562,Electrical,HIGH
VH-10047,2026-09-11 18:23:05,P0562,Electrical,HIGH
VH-10040,2026-09-11 11:25:08,P0562,Electrical,HIGH
VH-10040,2026-09-11 13:24:39,P0562,Electrical,HIGH
VH-10040,2026-09-11 19:29:05,P0562,Electrical,HIGH
VH-10040,2026-09-11 06:57:34,P0562,Electrical,HIGH
VH-10040,2026-09-11 15:04:02,P0562,Electrical,HIGH
VH-10030,2026-09-11 17:47:26,P0562,Electrical,HIGH
VH-10030,2026-09-11 14:48:00,P0562,Electrical,HIGH
VH-10030,2026-09-11 09:04:35,P0562,Electrical,HIGH
VH-10030,2026-09-11 13:28:06,P0562,Electrical,HIGH
VH-10030,2026-09-11 18:25:50,P0562,Electrical,HIGH
VH-10030,2026-09-11 13:08:22,P0562,Electrical,HIGH
VH-10009,2026-09-12 06:37:29,P0562,Electrical,HIGH
VH-10009,2026-09-12 13:40:58,P0562,Electrical,HIGH
VH-10009,2026-09-12 12:38:56,P0562,Electrical,HIGH
VH-10009,2026-09-12 12:24:55,P0562,Electrical,HIGH
VH-10009,2026-09-12 07:52:50,P0562,Electrical,HIGH
VH-10011,2026-09-12 12:39:43,P0300,Powertrain,HIGH
VH-10011,2026-09-12 05:51:58,P0300,Powertrain,HIGH
VH-10011,2026-09-12 09:04:37,P0300,Powertrain,HIGH
VH-10011,2026-09-12 12:06:40,P0300,Powertrain,HIGH
VH-10022,2026-09-12 18:27:23,P0562,Electrical,HIGH
VH-10022,2026-09-12 18:08:47,P0562,Electrical,HIGH
VH-10022,2026-09-12 19:12:39,P0217,Cooling System,CRITICAL
VH-10022,2026-09-12 12:51:09,P0217,Cooling System,CRITICAL
VH-10028,2026-09-12 10:26:03,P0300,Powertrain,HIGH
VH-10028,2026-09-12 19:18:10,P0300,Powertrain,HIGH
VH-10028,2026-09-12 17:11:07,P0300,Powertrain,HIGH
VH-10028,2026-09-12 07:29:18,P0300,Powertrain,HIGH
VH-10028,2026-09-12 05:00:28,P0300,Powertrain,HIGH
VH-10029,2026-09-12 14:22:53,P0300,Powertrain,HIGH
VH-10029,2026-09-12 10:52:42,P0300,Powertrain,HIGH
VH-10029,2026-09-12 15:46:56,P0300,Powertrain,HIGH
VH-10029,2026-09-12 15:11:10,P0300,Powertrain,HIGH
VH-10029,2026-09-12 10:22:25,P0300,Powertrain,HIGH
VH-10029,2026-09-12 12:14:19,P0300,Powertrain,HIGH
VH-10035,2026-09-12 17:33:19,P0562,Electrical,HIGH
VH-10035,2026-09-12 10:42:38,P0562,Electrical,HIGH
VH-10035,2026-09-12 19:36:41,P0562,Electrical,HIGH
VH-10035,2026-09-12 20:05:53,P0562,Electrical,HIGH
VH-10035,2026-09-12 10:58:47,P0562,Electrical,HIGH
VH-10032,2026-09-12 19:51:40,P0300,Powertrain,HIGH
VH-10032,2026-09-12 16:56:50,P0300,Powertrain,HIGH
VH-10032,2026-09-12 07:05:44,P0300,Powertrain,HIGH
VH-10032,2026-09-12 15:07:45,P0300,Powertrain,HIGH
VH-10032,2026-09-12 05:28:27,P0300,Powertrain,HIGH
VH-10032,2026-09-12 07:34:47,P0300,Powertrain,HIGH
VH-10016,2026-09-12 14:40:24,P0300,Powertrain,HIGH
VH-10016,2026-09-12 08:52:11,P0300,Powertrain,HIGH
VH-10016,2026-09-12 11:49:47,P0300,Powertrain,HIGH
VH-10016,2026-09-12 10:48:49,P0300,Powertrain,HIGH
VH-10016,2026-09-12 16:43:54,P0300,Powertrain,HIGH
VH-10016,2026-09-12 12:59:34,P0300,Powertrain,HIGH
VH-10047,2026-09-12 16:06:56,P0562,Electrical,HIGH
VH-10019,2026-09-12 08:05:01,P0300,Powertrain,HIGH
VH-10019,2026-09-12 05:38:24,P0300,Powertrain,HIGH
VH-10019,2026-09-12 18:21:46,P0300,Powertrain,HIGH
VH-10019,2026-09-12 09:35:39,P0300,Powertrain,HIGH
VH-10029,2026-09-13 20:25:55,P0300,Powertrain,HIGH
VH-10029,2026-09-13 11:37:10,P0300,Powertrain,HIGH
VH-10029,2026-09-13 13:39:09,P0300,Powertrain,HIGH
VH-10009,2026-09-13 15:49:48,P0562,Electrical,HIGH
VH-10013,2026-09-13 06:10:36,P0217,Cooling System,CRITICAL
VH-10013,2026-09-13 07:02:35,P0217,Cooling System,CRITICAL
VH-10013,2026-09-13 07:06:16,P0217,Cooling System,CRITICAL
VH-10013,2026-09-13 15:29:01,P0217,Cooling System,CRITICAL
VH-10013,2026-09-13 15:46:26,P0217,Cooling System,CRITICAL
VH-10022,2026-09-13 17:26:26,P0217,Cooling System,CRITICAL
VH-10022,2026-09-13 17:38:36,P0217,Cooling System,CRITICAL
VH-10015,2026-09-13 17:52:15,P0217,Cooling System,CRITICAL
VH-10015,2026-09-13 16:26:19,P0217,Cooling System,CRITICAL
VH-10015,2026-09-13 09:26:53,P0217,Cooling System,CRITICAL
VH-10015,2026-09-13 14:17:14,P0217,Cooling System,CRITICAL
VH-10015,2026-09-13 08:31:30,P0217,Cooling System,CRITICAL
VH-10015,2026-09-13 17:43:04,P0217,Cooling System,CRITICAL
VH-10040,2026-09-13 17:14:40,P0217,Cooling System,CRITICAL
VH-10040,2026-09-13 06:16:19,P0217,Cooling System,CRITICAL
VH-10040,2026-09-13 06:30:40,P0217,Cooling System,CRITICAL
VH-10040,2026-09-13 11:13:21,P0217,Cooling System,CRITICAL
VH-10040,2026-09-13 08:10:41,P0217,Cooling System,CRITICAL
VH-10018,2026-09-13 10:34:52,P0300,Powertrain,HIGH
VH-10018,2026-09-13 06:27:42,P0300,Powertrain,HIGH
VH-10018,2026-09-13 06:09:35,P0300,Powertrain,HIGH
VH-10026,2026-09-13 17:07:17,P0300,Powertrain,HIGH
VH-10026,2026-09-13 14:44:10,P0300,Powertrain,HIGH
VH-10026,2026-09-13 17:08:37,P0300,Powertrain,HIGH
VH-10026,2026-09-13 11:57:06,P0300,Powertrain,HIGH
VH-10019,2026-09-13 09:55:22,P0300,Powertrain,HIGH
VH-10019,2026-09-13 12:18:04,P0300,Powertrain,HIGH
VH-10019,2026-09-13 12:16:41,P0300,Powertrain,HIGH
VH-10019,2026-09-13 06:17:39,P0300,Powertrain,HIGH
VH-10016,2026-09-13 13:39:36,P0300,Powertrain,HIGH
VH-10016,2026-09-13 06:54:57,P0300,Powertrain,HIGH
VH-10016,2026-09-13 05:56:16,P0300,Powertrain,HIGH
VH-10016,2026-09-13 15:01:44,P0300,Powertrain,HIGH
VH-10032,2026-09-13 19:05:55,P0300,Powertrain,HIGH
VH-10033,2026-09-13 07:48:50,P0562,Electrical,HIGH
VH-10033,2026-09-13 12:37:43,P0562,Electrical,HIGH
VH-10033,2026-09-13 11:48:32,P0562,Electrical,HIGH
VH-10033,2026-09-13 09:09:27,P0562,Electrical,HIGH
VH-10035,2026-09-13 05:50:26,P0562,Electrical,HIGH
VH-10035,2026-09-13 08:22:05,P0562,Electrical,HIGH
VH-10015,2026-09-14 09:35:29,P0217,Cooling System,CRITICAL
VH-10015,2026-09-14 18:36:53,P0217,Cooling System,CRITICAL
VH-10015,2026-09-14 19:09:31,P0217,Cooling System,CRITICAL
VH-10015,2026-09-14 13:07:25,P0217,Cooling System,CRITICAL
VH-10015,2026-09-14 19:37:54,P0217,Cooling System,CRITICAL
VH-10015,2026-09-14 17:46:06,P0217,Cooling System,CRITICAL
VH-10034,2026-09-14 10:20:35,P0217,Cooling System,CRITICAL
VH-10034,2026-09-14 14:58:45,P0217,Cooling System,CRITICAL
VH-10034,2026-09-14 18:51:33,P0217,Cooling System,CRITICAL
VH-10034,2026-09-14 07:24:51,P0217,Cooling System,CRITICAL
VH-10049,2026-09-14 17:12:59,P0217,Cooling System,CRITICAL
VH-10049,2026-09-14 10:17:46,P0217,Cooling System,CRITICAL
VH-10049,2026-09-14 08:13:13,P0217,Cooling System,CRITICAL
VH-10049,2026-09-14 12:32:26,P0217,Cooling System,CRITICAL
VH-10049,2026-09-14 07:06:24,P0217,Cooling System,CRITICAL
VH-10026,2026-09-14 07:18:36,P0300,Powertrain,HIGH
VH-10041,2026-09-14 06:48:12,P0217,Cooling System,CRITICAL
VH-10041,2026-09-14 05:28:34,P0217,Cooling System,CRITICAL
VH-10041,2026-09-14 17:37:58,P0217,Cooling System,CRITICAL
VH-10041,2026-09-14 19:18:22,P0217,Cooling System,CRITICAL
VH-10041,2026-09-14 19:18:38,P0217,Cooling System,CRITICAL
VH-10041,2026-09-14 04:36:39,P0217,Cooling System,CRITICAL
VH-10033,2026-09-14 07:54:37,P0562,Electrical,HIGH
VH-10033,2026-09-14 15:55:53,P0562,Electrical,HIGH
VH-10033,2026-09-14 06:05:08,P0562,Electrical,HIGH
VH-10033,2026-09-14 04:35:15,P0562,Electrical,HIGH
VH-10033,2026-09-14 16:11:22,P0562,Electrical,HIGH
VH-10035,2026-09-14 15:49:45,P0562,Electrical,HIGH
VH-10035,2026-09-14 07:05:36,P0562,Electrical,HIGH
VH-10035,2026-09-14 12:01:38,P0562,Electrical,HIGH
VH-10035,2026-09-14 11:21:03,P0562,Electrical,HIGH
VH-10035,2026-09-14 10:28:35,P0562,Electrical,HIGH
VH-10031,2026-09-14 18:17:03,P0562,Electrical,HIGH
VH-10031,2026-09-14 09:17:18,P0562,Electrical,HIGH
VH-10031,2026-09-14 10:14:20,P0562,Electrical,HIGH
VH-10031,2026-09-14 12:44:42,P0562,Electrical,HIGH
VH-10018,2026-09-14 14:32:41,P0300,Powertrain,HIGH
VH-10018,2026-09-14 18:43:23,P0300,Powertrain,HIGH
VH-10018,2026-09-14 16:29:14,P0300,Powertrain,HIGH
VH-10018,2026-09-14 06:58:40,P0300,Powertrain,HIGH
VH-10018,2026-09-14 17:26:37,P0300,Powertrain,HIGH
VH-10018,2026-09-14 16:17:17,P0300,Powertrain,HIGH
VH-10040,2026-09-14 14:12:17,P0217,Cooling System,CRITICAL
VH-10011,2026-09-14 12:13:06,P0300,Powertrain,HIGH
VH-10013,2026-09-14 16:11:07,P0217,Cooling System,CRITICAL
VH-10013,2026-09-14 07:11:21,P0217,Cooling System,CRITICAL
VH-10013,2026-09-14 07:22:30,P0217,Cooling System,CRITICAL
VH-10013,2026-09-14 09:56:37,P0217,Cooling System,CRITICAL
VH-10013,2026-09-14 15:17:42,P0217,Cooling System,CRITICAL
VH-10016,2026-09-15 17:17:08,P0300,Powertrain,HIGH
VH-10016,2026-09-15 10:26:45,P0300,Powertrain,HIGH
VH-10016,2026-09-15 16:08:21,P0300,Powertrain,HIGH
VH-10016,2026-09-15 18:13:04,P0300,Powertrain,HIGH
VH-10016,2026-09-15 18:30:12,P0300,Powertrain,HIGH
VH-10016,2026-09-15 07:16:19,P0300,Powertrain,HIGH
VH-10041,2026-09-15 05:19:24,P0217,Cooling System,CRITICAL
VH-10028,2026-09-15 07:03:15,P0300,Powertrain,HIGH
VH-10028,2026-09-15 13:01:04,P0300,Powertrain,HIGH
VH-10028,2026-09-15 08:01:02,P0300,Powertrain,HIGH
VH-10028,2026-09-15 06:36:12,P0300,Powertrain,HIGH
VH-10028,2026-09-15 04:58:17,P0562,Electrical,HIGH
VH-10010,2026-09-15 12:52:25,P0217,Cooling System,CRITICAL
VH-10010,2026-09-15 18:14:23,P0217,Cooling System,CRITICAL
VH-10010,2026-09-15 18:21:25,P0217,Cooling System,CRITICAL
VH-10018,2026-09-15 16:41:18,P0300,Powertrain,HIGH
VH-10034,2026-09-15 14:27:47,P0217,Cooling System,CRITICAL
VH-10034,2026-09-15 19:38:40,P0217,Cooling System,CRITICAL
VH-10034,2026-09-15 07:32:14,P0217,Cooling System,CRITICAL
VH-10034,2026-09-15 19:47:50,P0217,Cooling System,CRITICAL
VH-10034,2026-09-15 09:33:46,P0217,Cooling System,CRITICAL
VH-10034,2026-09-15 14:40:31,P0217,Cooling System,CRITICAL
VH-10049,2026-09-15 15:37:03,P0217,Cooling System,CRITICAL
VH-10049,2026-09-15 17:07:32,P0217,Cooling System,CRITICAL
VH-10049,2026-09-15 06:39:31,P0217,Cooling System,CRITICAL
VH-10030,2026-09-15 17:06:41,P0300,Powertrain,HIGH
VH-10030,2026-09-15 13:54:41,P0300,Powertrain,HIGH
VH-10030,2026-09-15 17:52:24,P0300,Powertrain,HIGH
VH-10030,2026-09-15 12:38:19,P0300,Powertrain,HIGH
VH-10004,2026-09-15 17:26:05,P0217,Cooling System,CRITICAL
VH-10004,2026-09-15 13:17:52,P0217,Cooling System,CRITICAL
VH-10004,2026-09-15 08:49:42,P0217,Cooling System,CRITICAL
VH-10004,2026-09-15 11:40:27,P0217,Cooling System,CRITICAL
VH-10030,2026-09-16 11:01:34,P0300,Powertrain,HIGH
VH-10030,2026-09-16 10:01:13,P0300,Powertrain,HIGH
VH-10030,2026-09-16 12:47:34,P0300,Powertrain,HIGH
VH-10046,2026-09-16 17:01:05,P0562,Electrical,HIGH
VH-10046,2026-09-16 13:04:17,P0562,Electrical,HIGH
VH-10013,2026-09-16 10:14:35,P0217,Cooling System,CRITICAL
VH-10013,2026-09-16 18:06:49,P0217,Cooling System,CRITICAL
VH-10013,2026-09-16 11:16:44,P0217,Cooling System,CRITICAL
VH-10013,2026-09-16 18:51:35,P0217,Cooling System,CRITICAL
VH-10003,2026-09-16 19:06:24,P0562,Electrical,HIGH
VH-10022,2026-09-16 14:21:25,P0562,Electrical,HIGH
VH-10022,2026-09-16 17:48:30,P0562,Electrical,HIGH
VH-10022,2026-09-16 18:07:57,P0562,Electrical,HIGH
VH-10022,2026-09-16 15:39:53,P0562,Electrical,HIGH
VH-10022,2026-09-16 07:04:11,P0562,Electrical,HIGH
VH-10022,2026-09-16 17:54:01,P0562,Electrical,HIGH
VH-10016,2026-09-16 19:37:00,P0300,Powertrain,HIGH
VH-10016,2026-09-16 15:59:05,P0300,Powertrain,HIGH
VH-10016,2026-09-16 19:24:01,P0300,Powertrain,HIGH
VH-10016,2026-09-16 05:18:32,P0300,Powertrain,HIGH
VH-10034,2026-09-16 08:07:59,P0217,Cooling System,CRITICAL
VH-10034,2026-09-16 17:39:37,P0217,Cooling System,CRITICAL
VH-10032,2026-09-16 05:01:55,P0217,Cooling System,CRITICAL
VH-10028,2026-09-16 10:20:56,P0562,Electrical,HIGH
VH-10028,2026-09-16 16:56:40,P0562,Electrical,HIGH
VH-10028,2026-09-16 15:13:09,P0562,Electrical,HIGH
VH-10028,2026-09-16 04:37:08,P0562,Electrical,HIGH
VH-10028,2026-09-16 12:23:41,P0562,Electrical,HIGH
VH-10028,2026-09-16 07:33:53,P0562,Electrical,HIGH
VH-10019,2026-09-17 10:35:07,P0217,Cooling System,CRITICAL
VH-10019,2026-09-17 18:05:47,P0217,Cooling System,CRITICAL
VH-10021,2026-09-17 13:37:46,P0300,Powertrain,HIGH
VH-10021,2026-09-17 15:38:08,P0300,Powertrain,HIGH
VH-10021,2026-09-17 16:26:47,P0300,Powertrain,HIGH
VH-10021,2026-09-17 09:16:06,P0300,Powertrain,HIGH
VH-10013,2026-09-17 09:54:32,P0217,Cooling System,CRITICAL
VH-10013,2026-09-17 19:00:17,P0217,Cooling System,CRITICAL
VH-10013,2026-09-17 19:02:01,P0217,Cooling System,CRITICAL
VH-10007,2026-09-17 10:21:49,P0562,Electrical,HIGH
VH-10007,2026-09-17 18:13:03,P0562,Electrical,HIGH
VH-10007,2026-09-17 16:12:21,P0562,Electrical,HIGH
VH-10010,2026-09-17 09:31:32,P0217,Cooling System,CRITICAL
VH-10010,2026-09-17 19:15:06,P0217,Cooling System,CRITICAL
VH-10010,2026-09-17 10:50:36,P0217,Cooling System,CRITICAL
VH-10010,2026-09-17 07:22:53,P0217,Cooling System,CRITICAL
VH-10010,2026-09-17 11:31:09,P0217,Cooling System,CRITICAL
VH-10010,2026-09-17 15:36:36,P0217,Cooling System,CRITICAL
VH-10030,2026-09-17 14:26:01,P0562,Electrical,HIGH
VH-10030,2026-09-17 13:06:34,P0562,Electrical,HIGH
VH-10030,2026-09-17 10:31:03,P0562,Electrical,HIGH
VH-10030,2026-09-17 14:05:17,P0562,Electrical,HIGH
VH-10030,2026-09-17 16:29:01,P0562,Electrical,HIGH
VH-10001,2026-09-17 05:59:53,P0300,Powertrain,HIGH
VH-10001,2026-09-17 16:06:33,P0300,Powertrain,HIGH
VH-10001,2026-09-17 11:48:25,P0300,Powertrain,HIGH
VH-10001,2026-09-17 14:24:54,P0300,Powertrain,HIGH
VH-10001,2026-09-17 10:03:58,P0300,Powertrain,HIGH
VH-10020,2026-09-17 16:24:55,P0562,Electrical,HIGH
VH-10020,2026-09-17 20:18:34,P0562,Electrical,HIGH
VH-10020,2026-09-17 09:30:04,P0562,Electrical,HIGH
VH-10020,2026-09-17 16:48:06,P0562,Electrical,HIGH
VH-10045,2026-09-17 07:03:30,P0562,Electrical,HIGH
VH-10045,2026-09-17 16:41:24,P0562,Electrical,HIGH
VH-10031,2026-09-17 19:06:24,P0217,Cooling System,CRITICAL
VH-10031,2026-09-17 18:31:07,P0217,Cooling System,CRITICAL
VH-10031,2026-09-17 17:05:47,P0217,Cooling System,CRITICAL
VH-10031,2026-09-17 13:13:58,P0217,Cooling System,CRITICAL
VH-10031,2026-09-17 14:22:54,P0217,Cooling System,CRITICAL
VH-10031,2026-09-17 18:58:06,P0217,Cooling System,CRITICAL
VH-10012,2026-09-17 04:49:54,P0300,Powertrain,HIGH
VH-10012,2026-09-17 17:02:53,P0300,Powertrain,HIGH
VH-10012,2026-09-17 04:59:38,P0300,Powertrain,HIGH
VH-10012,2026-09-17 06:03:24,P0300,Powertrain,HIGH
VH-10036,2026-09-17 15:58:32,P0562,Electrical,HIGH
VH-10036,2026-09-17 12:27:31,P0562,Electrical,HIGH
VH-10036,2026-09-17 06:39:53,P0562,Electrical,HIGH
VH-10036,2026-09-17 12:33:45,P0562,Electrical,HIGH
VH-10036,2026-09-17 12:48:32,P0562,Electrical,HIGH
VH-10003,2026-09-17 07:30:13,P0562,Electrical,HIGH
VH-10003,2026-09-17 13:02:54,P0562,Electrical,HIGH
VH-10003,2026-09-17 19:57:32,P0562,Electrical,HIGH
VH-10003,2026-09-17 07:01:56,P0562,Electrical,HIGH
VH-10003,2026-09-17 18:52:52,P0562,Electrical,HIGH
VH-10003,2026-09-17 14:52:31,P0562,Electrical,HIGH
VH-10018,2026-09-17 06:10:12,P0300,Powertrain,HIGH
VH-10018,2026-09-17 19:09:11,P0300,Powertrain,HIGH
VH-10018,2026-09-17 16:43:42,P0300,Powertrain,HIGH
VH-10018,2026-09-17 09:56:14,P0300,Powertrain,HIGH
VH-10031,2026-09-18 04:57:06,P0217,Cooling System,CRITICAL
VH-10031,2026-09-18 06:03:11,P0217,Cooling System,CRITICAL
VH-10031,2026-09-18 11:09:51,P0217,Cooling System,CRITICAL
VH-10031,2026-09-18 19:04:12,P0217,Cooling System,CRITICAL
VH-10031,2026-09-18 09:57:32,P0217,Cooling System,CRITICAL
VH-10030,2026-09-18 15:54:10,P0562,Electrical,HIGH
VH-10030,2026-09-18 19:48:51,P0562,Electrical,HIGH
VH-10025,2026-09-18 17:14:48,P0217,Cooling System,CRITICAL
VH-10025,2026-09-18 20:20:32,P0217,Cooling System,CRITICAL
VH-10025,2026-09-18 05:36:57,P0217,Cooling System,CRITICAL
VH-10025,2026-09-18 20:14:24,P0217,Cooling System,CRITICAL
VH-10019,2026-09-18 13:30:13,P0217,Cooling System,CRITICAL
VH-10019,2026-09-18 13:13:08,P0217,Cooling System,CRITICAL
VH-10019,2026-09-18 10:26:47,P0217,Cooling System,CRITICAL
VH-10019,2026-09-18 09:20:07,P0217,Cooling System,CRITICAL
VH-10019,2026-09-18 18:22:03,P0217,Cooling System,CRITICAL
VH-10013,2026-09-18 11:15:40,P0217,Cooling System,CRITICAL
VH-10013,2026-09-18 04:53:52,P0217,Cooling System,CRITICAL
VH-10013,2026-09-18 19:31:22,P0217,Cooling System,CRITICAL
VH-10013,2026-09-18 19:27:14,P0217,Cooling System,CRITICAL
VH-10022,2026-09-18 17:22:06,P0562,Electrical,HIGH
VH-10022,2026-09-18 08:34:51,P0562,Electrical,HIGH
VH-10032,2026-09-18 13:30:29,P0217,Cooling System,CRITICAL
VH-10032,2026-09-18 11:13:53,P0217,Cooling System,CRITICAL
VH-10032,2026-09-18 13:26:33,P0217,Cooling System,CRITICAL
VH-10032,2026-09-18 09:18:35,P0217,Cooling System,CRITICAL
VH-10032,2026-09-18 04:43:49,P0217,Cooling System,CRITICAL
VH-10032,2026-09-18 08:15:30,P0217,Cooling System,CRITICAL
VH-10045,2026-09-18 16:56:32,P0562,Electrical,HIGH
VH-10045,2026-09-18 11:41:12,P0562,Electrical,HIGH
VH-10045,2026-09-18 15:21:54,P0562,Electrical,HIGH
VH-10045,2026-09-18 13:31:48,P0562,Electrical,HIGH
VH-10045,2026-09-18 07:20:23,P0562,Electrical,HIGH
VH-10045,2026-09-18 17:40:25,P0562,Electrical,HIGH
VH-10010,2026-09-18 14:54:33,P0217,Cooling System,CRITICAL
VH-10010,2026-09-18 16:03:40,P0217,Cooling System,CRITICAL
VH-10001,2026-09-18 19:10:08,P0300,Powertrain,HIGH
VH-10001,2026-09-18 18:48:32,P0300,Powertrain,HIGH
VH-10001,2026-09-18 14:24:08,P0300,Powertrain,HIGH
VH-10001,2026-09-18 13:03:59,P0300,Powertrain,HIGH
VH-10001,2026-09-18 07:59:05,P0300,Powertrain,HIGH
VH-10001,2026-09-18 09:10:36,P0300,Powertrain,HIGH
VH-10018,2026-09-18 17:48:50,P0300,Powertrain,HIGH
VH-10021,2026-09-18 10:00:20,P0300,Powertrain,HIGH
VH-10021,2026-09-18 11:20:08,P0300,Powertrain,HIGH
VH-10021,2026-09-18 16:07:47,P0300,Powertrain,HIGH
VH-10021,2026-09-18 08:09:47,P0300,Powertrain,HIGH
VH-10021,2026-09-18 08:16:17,P0300,Powertrain,HIGH
VH-10021,2026-09-18 19:06:31,P0300,Powertrain,HIGH
VH-10020,2026-09-18 12:53:52,P0562,Electrical,HIGH
VH-10020,2026-09-18 05:17:55,P0562,Electrical,HIGH
VH-10020,2026-09-18 20:05:54,P0562,Electrical,HIGH
VH-10020,2026-09-18 08:19:30,P0562,Electrical,HIGH
VH-10020,2026-09-18 13:36:26,P0562,Electrical,HIGH
VH-10020,2026-09-18 07:44:15,P0562,Electrical,HIGH
VH-10012,2026-09-18 11:31:52,P0300,Powertrain,HIGH
VH-10012,2026-09-18 04:50:26,P0300,Powertrain,HIGH
VH-10012,2026-09-18 15:58:29,P0300,Powertrain,HIGH
VH-10012,2026-09-18 11:22:20,P0300,Powertrain,HIGH
VH-10012,2026-09-18 05:18:44,P0300,Powertrain,HIGH
VH-10020,2026-09-19 17:48:56,P0562,Electrical,HIGH
VH-10020,2026-09-19 15:28:13,P0562,Electrical,HIGH
VH-10045,2026-09-19 08:26:56,P0562,Electrical,HIGH
VH-10045,2026-09-19 10:59:02,P0562,Electrical,HIGH
VH-10045,2026-09-19 17:22:51,P0562,Electrical,HIGH
VH-10045,2026-09-19 14:15:20,P0562,Electrical,HIGH
VH-10025,2026-09-19 07:05:10,P0217,Cooling System,CRITICAL
VH-10025,2026-09-19 05:02:29,P0217,Cooling System,CRITICAL
VH-10025,2026-09-19 19:46:11,P0217,Cooling System,CRITICAL
VH-10025,2026-09-19 08:40:41,P0217,Cooling System,CRITICAL
VH-10025,2026-09-19 18:09:29,P0217,Cooling System,CRITICAL
VH-10025,2026-09-19 16:04:08,P0217,Cooling System,CRITICAL
VH-10011,2026-09-19 07:56:13,P0300,Powertrain,HIGH
VH-10032,2026-09-19 04:51:40,P0217,Cooling System,CRITICAL
VH-10032,2026-09-19 05:42:09,P0217,Cooling System,CRITICAL
VH-10032,2026-09-19 09:11:33,P0217,Cooling System,CRITICAL
VH-10032,2026-09-19 16:56:37,P0217,Cooling System,CRITICAL
VH-10032,2026-09-19 19:46:59,P0217,Cooling System,CRITICAL
VH-10021,2026-09-19 19:54:01,P0300,Powertrain,HIGH
VH-10036,2026-09-19 08:57:58,P0562,Electrical,HIGH
VH-10036,2026-09-19 15:18:42,P0562,Electrical,HIGH
VH-10036,2026-09-19 05:29:38,P0562,Electrical,HIGH
VH-10036,2026-09-19 10:32:49,P0562,Electrical,HIGH
VH-10036,2026-09-19 06:12:46,P0562,Electrical,HIGH
VH-10036,2026-09-19 11:51:30,P0562,Electrical,HIGH
VH-10049,2026-09-19 17:44:06,P0217,Cooling System,CRITICAL
VH-10049,2026-09-19 16:38:05,P0217,Cooling System,CRITICAL
VH-10049,2026-09-19 07:26:56,P0217,Cooling System,CRITICAL
VH-10049,2026-09-19 13:53:25,P0217,Cooling System,CRITICAL
VH-10049,2026-09-19 05:37:51,P0217,Cooling System,CRITICAL
VH-10049,2026-09-19 15:59:28,P0217,Cooling System,CRITICAL
VH-10007,2026-09-19 06:57:07,P0562,Electrical,HIGH
VH-10007,2026-09-19 17:58:13,P0562,Electrical,HIGH
VH-10007,2026-09-19 06:49:53,P0562,Electrical,HIGH
VH-10007,2026-09-19 13:57:39,P0562,Electrical,HIGH
VH-10008,2026-09-19 13:23:21,P0562,Electrical,HIGH
VH-10008,2026-09-19 17:55:58,P0562,Electrical,HIGH
VH-10008,2026-09-19 19:07:58,P0562,Electrical,HIGH
VH-10008,2026-09-19 19:38:38,P0562,Electrical,HIGH
VH-10008,2026-09-19 14:41:57,P0562,Electrical,HIGH
VH-10008,2026-09-19 09:15:44,P0562,Electrical,HIGH
VH-10009,2026-09-19 12:43:42,P0300,Powertrain,HIGH
VH-10003,2026-09-19 08:35:24,P0562,Electrical,HIGH
VH-10003,2026-09-19 18:17:41,P0562,Electrical,HIGH
VH-10003,2026-09-19 09:26:48,P0217,Cooling System,CRITICAL
VH-10003,2026-09-19 14:05:14,P0217,Cooling System,CRITICAL
VH-10003,2026-09-19 08:00:57,P0217,Cooling System,CRITICAL
VH-10008,2026-09-20 12:15:34,P0562,Electrical,HIGH
VH-10008,2026-09-20 08:47:14,P0562,Electrical,HIGH
VH-10008,2026-09-20 16:31:04,P0562,Electrical,HIGH
VH-10008,2026-09-20 17:28:37,P0562,Electrical,HIGH
VH-10025,2026-09-20 06:34:47,P0217,Cooling System,CRITICAL
VH-10025,2026-09-20 07:00:32,P0217,Cooling System,CRITICAL
VH-10001,2026-09-20 19:16:31,P0300,Powertrain,HIGH
VH-10012,2026-09-20 19:43:07,P0217,Cooling System,CRITICAL
VH-10012,2026-09-20 07:18:48,P0217,Cooling System,CRITICAL
VH-10012,2026-09-20 12:30:35,P0217,Cooling System,CRITICAL
VH-10036,2026-09-20 11:34:32,P0562,Electrical,HIGH
VH-10048,2026-09-20 07:51:06,P0217,Cooling System,CRITICAL
VH-10048,2026-09-20 15:28:33,P0217,Cooling System,CRITICAL
VH-10048,2026-09-20 11:01:12,P0217,Cooling System,CRITICAL
VH-10048,2026-09-20 07:08:17,P0217,Cooling System,CRITICAL
VH-10048,2026-09-20 18:12:55,P0217,Cooling System,CRITICAL
VH-10048,2026-09-20 17:56:50,P0217,Cooling System,CRITICAL
VH-10013,2026-09-20 19:00:56,P0300,Powertrain,HIGH
VH-10013,2026-09-20 10:06:10,P0300,Powertrain,HIGH
VH-10009,2026-09-20 06:20:05,P0300,Powertrain,HIGH
VH-10009,2026-09-20 20:17:08,P0300,Powertrain,HIGH
VH-10009,2026-09-20 08:31:59,P0300,Powertrain,HIGH
VH-10009,2026-09-20 09:19:56,P0300,Powertrain,HIGH
VH-10009,2026-09-20 11:20:57,P0300,Powertrain,HIGH
VH-10009,2026-09-20 19:21:44,P0300,Powertrain,HIGH
VH-10018,2026-09-20 05:55:35,P0217,Cooling System,CRITICAL
VH-10003,2026-09-20 11:03:45,P0217,Cooling System,CRITICAL
VH-10003,2026-09-20 12:10:05,P0217,Cooling System,CRITICAL
VH-10003,2026-09-20 06:18:56,P0217,Cooling System,CRITICAL
VH-10003,2026-09-20 11:36:51,P0217,Cooling System,CRITICAL
VH-10011,2026-09-20 09:54:00,P0300,Powertrain,HIGH
VH-10011,2026-09-20 20:10:04,P0300,Powertrain,HIGH
VH-10011,2026-09-20 09:08:55,P0300,Powertrain,HIGH
VH-10011,2026-09-20 12:54:54,P0300,Powertrain,HIGH
VH-10011,2026-09-20 13:07:18,P0300,Powertrain,HIGH
VH-10011,2026-09-20 19:09:15,P0300,Powertrain,HIGH
VH-10050,2026-09-20 07:47:02,P0217,Cooling System,CRITICAL
VH-10050,2026-09-20 14:24:43,P0217,Cooling System,CRITICAL
VH-10050,2026-09-20 19:57:44,P0217,Cooling System,CRITICAL
VH-10050,2026-09-20 07:26:24,P0217,Cooling System,CRITICAL
VH-10050,2026-09-20 13:17:28,P0217,Cooling System,CRITICAL
VH-10026,2026-09-20 10:49:35,P0300,Powertrain,HIGH
VH-10039,2026-09-20 05:46:32,P0300,Powertrain,HIGH
VH-10039,2026-09-20 12:42:29,P0300,Powertrain,HIGH
VH-10039,2026-09-20 12:11:21,P0300,Powertrain,HIGH
VH-10039,2026-09-20 18:48:23,P0300,Powertrain,HIGH
VH-10039,2026-09-20 17:07:19,P0300,Powertrain,HIGH
VH-10045,2026-09-20 13:45:05,P0300,Powertrain,HIGH
VH-10045,2026-09-20 14:48:59,P0300,Powertrain,HIGH
VH-10045,2026-09-20 09:17:30,P0300,Powertrain,HIGH
VH-10045,2026-09-20 09:59:53,P0300,Powertrain,HIGH
VH-10002,2026-09-20 06:23:20,P0562,Electrical,HIGH
VH-10002,2026-09-20 20:16:43,P0562,Electrical,HIGH
VH-10002,2026-09-20 17:40:02,P0562,Electrical,HIGH
VH-10002,2026-09-20 05:41:47,P0562,Electrical,HIGH
VH-10002,2026-09-20 07:14:53,P0562,Electrical,HIGH
VH-10002,2026-09-20 09:27:50,P0562,Electrical,HIGH
VH-10013,2026-09-21 18:51:05,P0300,Powertrain,HIGH
VH-10013,2026-09-21 20:20:33,P0300,Powertrain,HIGH
VH-10013,2026-09-21 10:37:54,P0300,Powertrain,HIGH
VH-10013,2026-09-21 07:58:31,P0300,Powertrain,HIGH
VH-10013,2026-09-21 09:35:37,P0300,Powertrain,HIGH
VH-10013,2026-09-21 07:11:51,P0300,Powertrain,HIGH
VH-10046,2026-09-21 09:26:17,P0562,Electrical,HIGH
VH-10046,2026-09-21 06:20:33,P0562,Electrical,HIGH
VH-10046,2026-09-21 18:41:31,P0562,Electrical,HIGH
VH-10046,2026-09-21 14:35:53,P0562,Electrical,HIGH
VH-10046,2026-09-21 06:41:21,P0562,Electrical,HIGH
VH-10046,2026-09-21 19:25:13,P0562,Electrical,HIGH
VH-10043,2026-09-21 19:08:12,P0562,Electrical,HIGH
VH-10043,2026-09-21 14:49:27,P0562,Electrical,HIGH
VH-10043,2026-09-21 12:54:10,P0562,Electrical,HIGH
VH-10037,2026-09-21 15:36:02,P0300,Powertrain,HIGH
VH-10009,2026-09-21 08:42:36,P0300,Powertrain,HIGH
VH-10009,2026-09-21 05:22:18,P0300,Powertrain,HIGH
VH-10009,2026-09-21 15:57:12,P0300,Powertrain,HIGH
VH-10009,2026-09-21 20:05:12,P0300,Powertrain,HIGH
VH-10009,2026-09-21 09:16:45,P0300,Powertrain,HIGH
VH-10011,2026-09-21 12:48:59,P0300,Powertrain,HIGH
VH-10011,2026-09-21 19:58:13,P0300,Powertrain,HIGH
VH-10011,2026-09-21 08:53:03,P0300,Powertrain,HIGH
VH-10033,2026-09-21 18:00:25,P0562,Electrical,HIGH
VH-10033,2026-09-21 12:33:49,P0562,Electrical,HIGH
VH-10033,2026-09-21 10:13:47,P0562,Electrical,HIGH
VH-10033,2026-09-21 14:11:52,P0562,Electrical,HIGH
VH-10018,2026-09-21 12:12:55,P0217,Cooling System,CRITICAL
VH-10018,2026-09-21 07:38:32,P0217,Cooling System,CRITICAL
VH-10018,2026-09-21 08:46:50,P0217,Cooling System,CRITICAL
VH-10018,2026-09-21 04:34:29,P0217,Cooling System,CRITICAL
VH-10018,2026-09-21 14:29:10,P0217,Cooling System,CRITICAL
VH-10050,2026-09-21 19:39:27,P0217,Cooling System,CRITICAL
VH-10050,2026-09-21 09:23:40,P0217,Cooling System,CRITICAL
VH-10050,2026-09-21 14:21:48,P0217,Cooling System,CRITICAL
VH-10050,2026-09-21 16:48:58,P0217,Cooling System,CRITICAL
VH-10007,2026-09-21 17:53:15,P0562,Electrical,HIGH
VH-10007,2026-09-21 19:02:37,P0562,Electrical,HIGH
VH-10007,2026-09-21 19:50:26,P0562,Electrical,HIGH
VH-10007,2026-09-21 11:18:47,P0562,Electrical,HIGH
VH-10007,2026-09-21 05:23:20,P0562,Electrical,HIGH
VH-10039,2026-09-21 17:54:15,P0300,Powertrain,HIGH
VH-10039,2026-09-21 11:04:13,P0300,Powertrain,HIGH
VH-10039,2026-09-21 19:03:02,P0300,Powertrain,HIGH
VH-10012,2026-09-21 19:26:19,P0217,Cooling System,CRITICAL
VH-10012,2026-09-21 16:07:43,P0217,Cooling System,CRITICAL
VH-10012,2026-09-21 17:15:05,P0217,Cooling System,CRITICAL
VH-10012,2026-09-21 07:20:43,P0217,Cooling System,CRITICAL
VH-10012,2026-09-21 14:44:19,P0217,Cooling System,CRITICAL
VH-10012,2026-09-21 16:29:30,P0217,Cooling System,CRITICAL
VH-10045,2026-09-21 11:40:01,P0300,Powertrain,HIGH
VH-10045,2026-09-21 13:49:59,P0300,Powertrain,HIGH
VH-10045,2026-09-21 11:08:40,P0300,Powertrain,HIGH
VH-10045,2026-09-21 13:07:39,P0300,Powertrain,HIGH
VH-10045,2026-09-21 08:08:46,P0300,Powertrain,HIGH
VH-10026,2026-09-21 12:24:30,P0300,Powertrain,HIGH
VH-10026,2026-09-21 17:02:49,P0300,Powertrain,HIGH
VH-10026,2026-09-21 09:38:52,P0300,Powertrain,HIGH
VH-10026,2026-09-21 13:28:36,P0300,Powertrain,HIGH
VH-10019,2026-09-21 14:07:38,P0562,Electrical,HIGH
VH-10007,2026-09-22 11:19:25,P0562,Electrical,HIGH
VH-10007,2026-09-22 13:06:20,P0562,Electrical,HIGH
VH-10007,2026-09-22 12:32:50,P0562,Electrical,HIGH
VH-10032,2026-09-22 19:39:08,P0562,Electrical,HIGH
VH-10032,2026-09-22 06:09:10,P0562,Electrical,HIGH
VH-10032,2026-09-22 11:58:20,P0562,Electrical,HIGH
VH-10019,2026-09-22 05:08:48,P0562,Electrical,HIGH
VH-10019,2026-09-22 09:35:39,P0562,Electrical,HIGH
VH-10019,2026-09-22 16:26:33,P0562,Electrical,HIGH
VH-10019,2026-09-22 15:54:19,P0562,Electrical,HIGH
VH-10019,2026-09-22 19:33:23,P0562,Electrical,HIGH
VH-10019,2026-09-22 05:47:06,P0562,Electrical,HIGH
VH-10046,2026-09-22 15:10:58,P0562,Electrical,HIGH
VH-10046,2026-09-22 06:56:32,P0562,Electrical,HIGH
VH-10046,2026-09-22 10:37:13,P0562,Electrical,HIGH
VH-10046,2026-09-22 14:27:19,P0562,Electrical,HIGH
VH-10012,2026-09-22 05:32:28,P0217,Cooling System,CRITICAL
VH-10015,2026-09-22 20:06:17,P0562,Electrical,HIGH
VH-10015,2026-09-22 10:57:30,P0562,Electrical,HIGH
VH-10015,2026-09-22 15:04:50,P0562,Electrical,HIGH
VH-10015,2026-09-22 20:12:46,P0562,Electrical,HIGH
VH-10015,2026-09-22 06:41:11,P0562,Electrical,HIGH
VH-10015,2026-09-22 11:34:22,P0562,Electrical,HIGH
VH-10014,2026-09-22 09:19:00,P0217,Cooling System,CRITICAL
VH-10013,2026-09-22 08:05:03,P0300,Powertrain,HIGH
VH-10013,2026-09-22 11:43:44,P0300,Powertrain,HIGH
VH-10036,2026-09-22 13:41:58,P0217,Cooling System,CRITICAL
VH-10036,2026-09-22 11:56:19,P0217,Cooling System,CRITICAL
VH-10021,2026-09-23 08:24:36,P0217,Cooling System,CRITICAL
VH-10021,2026-09-23 13:40:55,P0217,Cooling System,CRITICAL
VH-10021,2026-09-23 05:17:54,P0217,Cooling System,CRITICAL
VH-10019,2026-09-23 15:43:13,P0562,Electrical,HIGH
VH-10019,2026-09-23 04:52:21,P0562,Electrical,HIGH
VH-10019,2026-09-23 14:49:27,P0562,Electrical,HIGH
VH-10009,2026-09-23 18:15:19,P0562,Electrical,HIGH
VH-10009,2026-09-23 09:22:45,P0562,Electrical,HIGH
VH-10009,2026-09-23 17:49:18,P0562,Electrical,HIGH
VH-10009,2026-09-23 13:36:39,P0562,Electrical,HIGH
VH-10009,2026-09-23 07:31:08,P0562,Electrical,HIGH
VH-10009,2026-09-23 06:42:40,P0562,Electrical,HIGH
VH-10022,2026-09-23 07:27:30,P0217,Cooling System,CRITICAL
VH-10022,2026-09-23 18:40:43,P0217,Cooling System,CRITICAL
VH-10022,2026-09-23 16:00:54,P0217,Cooling System,CRITICAL
VH-10022,2026-09-23 14:15:16,P0217,Cooling System,CRITICAL
VH-10022,2026-09-23 16:50:45,P0217,Cooling System,CRITICAL
VH-10014,2026-09-23 14:05:57,P0217,Cooling System,CRITICAL
VH-10014,2026-09-23 04:43:51,P0217,Cooling System,CRITICAL
VH-10014,2026-09-23 17:52:43,P0217,Cooling System,CRITICAL
VH-10014,2026-09-23 04:38:00,P0217,Cooling System,CRITICAL
VH-10014,2026-09-23 14:50:15,P0217,Cooling System,CRITICAL
VH-10037,2026-09-23 06:00:11,P0300,Powertrain,HIGH
VH-10037,2026-09-23 08:48:36,P0300,Powertrain,HIGH
VH-10037,2026-09-23 09:48:29,P0300,Powertrain,HIGH
VH-10037,2026-09-23 07:17:17,P0300,Powertrain,HIGH
VH-10037,2026-09-23 04:40:21,P0300,Powertrain,HIGH
VH-10037,2026-09-23 04:44:39,P0300,Powertrain,HIGH
VH-10027,2026-09-23 18:14:18,P0562,Electrical,HIGH
VH-10027,2026-09-23 11:09:51,P0562,Electrical,HIGH
VH-10027,2026-09-23 09:03:55,P0562,Electrical,HIGH
VH-10027,2026-09-23 18:43:13,P0562,Electrical,HIGH
VH-10004,2026-09-23 13:37:47,P0217,Cooling System,CRITICAL
VH-10004,2026-09-23 04:45:21,P0217,Cooling System,CRITICAL
VH-10004,2026-09-23 16:14:25,P0217,Cooling System,CRITICAL
VH-10004,2026-09-23 19:08:57,P0217,Cooling System,CRITICAL
VH-10011,2026-09-23 19:10:31,P0562,Electrical,HIGH
VH-10011,2026-09-23 05:39:10,P0562,Electrical,HIGH
VH-10011,2026-09-23 06:13:10,P0562,Electrical,HIGH
VH-10036,2026-09-23 05:44:06,P0217,Cooling System,CRITICAL
VH-10036,2026-09-23 08:30:37,P0217,Cooling System,CRITICAL
VH-10047,2026-09-23 14:00:38,P0217,Cooling System,CRITICAL
VH-10047,2026-09-23 12:10:23,P0217,Cooling System,CRITICAL
VH-10047,2026-09-23 10:39:15,P0217,Cooling System,CRITICAL
VH-10047,2026-09-23 17:56:45,P0217,Cooling System,CRITICAL
VH-10047,2026-09-23 11:07:39,P0217,Cooling System,CRITICAL
VH-10022,2026-09-24 08:01:19,P0217,Cooling System,CRITICAL
VH-10022,2026-09-24 20:01:42,P0217,Cooling System,CRITICAL
VH-10022,2026-09-24 14:24:51,P0217,Cooling System,CRITICAL
VH-10022,2026-09-24 16:53:05,P0217,Cooling System,CRITICAL
VH-10022,2026-09-24 10:06:08,P0217,Cooling System,CRITICAL
VH-10022,2026-09-24 12:39:55,P0217,Cooling System,CRITICAL
VH-10043,2026-09-24 08:09:37,P0562,Electrical,HIGH
VH-10043,2026-09-24 15:00:58,P0562,Electrical,HIGH
VH-10043,2026-09-24 17:07:04,P0562,Electrical,HIGH
VH-10043,2026-09-24 13:45:24,P0562,Electrical,HIGH
VH-10043,2026-09-24 14:42:33,P0562,Electrical,HIGH
VH-10043,2026-09-24 16:41:43,P0562,Electrical,HIGH
VH-10040,2026-09-24 18:43:43,P0217,Cooling System,CRITICAL
VH-10040,2026-09-24 12:37:44,P0217,Cooling System,CRITICAL
VH-10040,2026-09-24 19:21:32,P0217,Cooling System,CRITICAL
VH-10011,2026-09-24 19:50:19,P0562,Electrical,HIGH
VH-10011,2026-09-24 11:53:03,P0562,Electrical,HIGH
VH-10011,2026-09-24 18:06:34,P0562,Electrical,HIGH
VH-10011,2026-09-24 12:58:46,P0562,Electrical,HIGH
VH-10011,2026-09-24 11:13:43,P0562,Electrical,HIGH
VH-10011,2026-09-24 07:46:02,P0562,Electrical,HIGH
VH-10037,2026-09-24 16:26:53,P0300,Powertrain,HIGH
VH-10037,2026-09-24 19:01:34,P0300,Powertrain,HIGH
VH-10037,2026-09-24 07:42:24,P0300,Powertrain,HIGH
VH-10037,2026-09-24 04:35:15,P0300,Powertrain,HIGH
VH-10041,2026-09-24 09:29:45,P0300,Powertrain,HIGH
VH-10041,2026-09-24 15:01:44,P0300,Powertrain,HIGH
VH-10041,2026-09-24 16:53:30,P0300,Powertrain,HIGH
VH-10050,2026-09-24 05:39:51,P0217,Cooling System,CRITICAL
VH-10050,2026-09-24 13:54:43,P0217,Cooling System,CRITICAL
VH-10050,2026-09-24 14:56:17,P0217,Cooling System,CRITICAL
VH-10032,2026-09-24 09:52:42,P0562,Electrical,HIGH
VH-10032,2026-09-24 16:11:42,P0562,Electrical,HIGH
VH-10032,2026-09-24 09:01:44,P0562,Electrical,HIGH
VH-10032,2026-09-24 09:37:19,P0562,Electrical,HIGH
VH-10032,2026-09-24 19:14:05,P0562,Electrical,HIGH
VH-10032,2026-09-24 17:03:07,P0562,Electrical,HIGH
VH-10027,2026-09-24 09:21:06,P0562,Electrical,HIGH
VH-10017,2026-09-24 19:14:38,P0300,Powertrain,HIGH
VH-10017,2026-09-24 12:39:34,P0300,Powertrain,HIGH
VH-10017,2026-09-24 11:46:14,P0300,Powertrain,HIGH
VH-10017,2026-09-24 20:29:56,P0300,Powertrain,HIGH
VH-10017,2026-09-24 04:36:10,P0300,Powertrain,HIGH
VH-10017,2026-09-24 16:39:03,P0300,Powertrain,HIGH
VH-10004,2026-09-24 10:39:10,P0217,Cooling System,CRITICAL
VH-10004,2026-09-24 05:53:43,P0217,Cooling System,CRITICAL
VH-10004,2026-09-24 08:29:04,P0217,Cooling System,CRITICAL
VH-10004,2026-09-24 16:58:10,P0217,Cooling System,CRITICAL
VH-10004,2026-09-24 18:42:04,P0217,Cooling System,CRITICAL
VH-10010,2026-09-24 15:10:25,P0562,Electrical,HIGH
VH-10010,2026-09-24 14:41:17,P0562,Electrical,HIGH
VH-10010,2026-09-24 18:55:05,P0562,Electrical,HIGH
VH-10010,2026-09-24 08:03:35,P0562,Electrical,HIGH
VH-10021,2026-09-24 17:38:33,P0217,Cooling System,CRITICAL
VH-10021,2026-09-24 12:12:07,P0217,Cooling System,CRITICAL
VH-10021,2026-09-24 10:41:51,P0217,Cooling System,CRITICAL
VH-10007,2026-09-24 15:21:08,P0300,Powertrain,HIGH
VH-10007,2026-09-24 06:59:51,P0300,Powertrain,HIGH
VH-10009,2026-09-24 09:46:59,P0562,Electrical,HIGH
VH-10009,2026-09-24 07:45:25,P0562,Electrical,HIGH
VH-10009,2026-09-24 13:13:26,P0562,Electrical,HIGH
VH-10009,2026-09-24 08:40:06,P0562,Electrical,HIGH
VH-10044,2026-09-24 13:22:05,P0562,Electrical,HIGH
VH-10044,2026-09-24 09:01:01,P0562,Electrical,HIGH
VH-10033,2026-09-25 16:14:14,P0562,Electrical,HIGH
VH-10033,2026-09-25 12:22:35,P0562,Electrical,HIGH
VH-10033,2026-09-25 20:13:02,P0562,Electrical,HIGH
VH-10033,2026-09-25 12:08:56,P0562,Electrical,HIGH
VH-10047,2026-09-25 12:29:53,P0217,Cooling System,CRITICAL
VH-10047,2026-09-25 06:01:55,P0217,Cooling System,CRITICAL
VH-10017,2026-09-25 05:09:11,P0300,Powertrain,HIGH
VH-10017,2026-09-25 08:15:32,P0300,Powertrain,HIGH
VH-10050,2026-09-25 09:30:56,P0217,Cooling System,CRITICAL
VH-10050,2026-09-25 11:12:48,P0217,Cooling System,CRITICAL
VH-10032,2026-09-25 08:04:25,P0562,Electrical,HIGH
VH-10032,2026-09-25 20:02:21,P0562,Electrical,HIGH
VH-10032,2026-09-25 09:54:47,P0562,Electrical,HIGH
VH-10007,2026-09-25 07:21:51,P0300,Powertrain,HIGH
VH-10007,2026-09-25 14:32:23,P0300,Powertrain,HIGH
VH-10007,2026-09-25 05:05:29,P0300,Powertrain,HIGH
VH-10007,2026-09-25 20:20:46,P0300,Powertrain,HIGH
VH-10007,2026-09-25 15:10:52,P0300,Powertrain,HIGH
VH-10007,2026-09-25 07:43:27,P0300,Powertrain,HIGH
VH-10038,2026-09-25 12:16:50,P0300,Powertrain,HIGH
VH-10040,2026-09-25 06:33:51,P0217,Cooling System,CRITICAL
VH-10040,2026-09-25 06:46:39,P0217,Cooling System,CRITICAL
VH-10040,2026-09-25 12:00:28,P0217,Cooling System,CRITICAL
VH-10040,2026-09-25 05:30:43,P0217,Cooling System,CRITICAL
VH-10040,2026-09-25 10:09:18,P0217,Cooling System,CRITICAL
VH-10040,2026-09-25 07:34:21,P0217,Cooling System,CRITICAL
VH-10022,2026-09-25 11:17:58,P0217,Cooling System,CRITICAL
VH-10044,2026-09-25 06:41:14,P0562,Electrical,HIGH
VH-10044,2026-09-25 04:47:05,P0562,Electrical,HIGH
VH-10044,2026-09-25 08:03:43,P0562,Electrical,HIGH
VH-10044,2026-09-25 16:45:58,P0562,Electrical,HIGH
VH-10043,2026-09-25 04:54:25,P0562,Electrical,HIGH
VH-10043,2026-09-25 15:26:42,P0562,Electrical,HIGH
VH-10043,2026-09-25 08:01:19,P0562,Electrical,HIGH
VH-10011,2026-09-25 09:01:46,P0562,Electrical,HIGH
VH-10011,2026-09-25 20:00:13,P0562,Electrical,HIGH
VH-10027,2026-09-25 07:02:28,P0562,Electrical,HIGH
VH-10027,2026-09-25 17:42:16,P0562,Electrical,HIGH
VH-10027,2026-09-25 10:01:52,P0562,Electrical,HIGH
VH-10027,2026-09-25 08:10:54,P0562,Electrical,HIGH
VH-10027,2026-09-25 08:26:12,P0562,Electrical,HIGH
VH-10027,2026-09-25 16:41:52,P0562,Electrical,HIGH
VH-10016,2026-09-25 11:16:47,P0300,Powertrain,HIGH
VH-10016,2026-09-25 07:41:20,P0300,Powertrain,HIGH
VH-10016,2026-09-25 13:17:28,P0300,Powertrain,HIGH
VH-10016,2026-09-25 10:18:21,P0300,Powertrain,HIGH
VH-10016,2026-09-25 13:34:50,P0300,Powertrain,HIGH
VH-10045,2026-09-25 13:53:20,P0217,Cooling System,CRITICAL
VH-10045,2026-09-25 16:19:24,P0217,Cooling System,CRITICAL
VH-10034,2026-09-25 06:14:53,P0300,Powertrain,HIGH
VH-10030,2026-09-25 09:41:12,P0300,Powertrain,HIGH
VH-10030,2026-09-25 15:16:22,P0300,Powertrain,HIGH
VH-10030,2026-09-25 18:43:56,P0300,Powertrain,HIGH
VH-10030,2026-09-25 13:50:15,P0300,Powertrain,HIGH
