part_id,dealer_id,stock,lead_time
PRT-ENG-01,DLR-001,6,14
PRT-CLG-02,DLR-001,13,5
PRT-ELC-03,DLR-001,8,6
PRT-ALT-04,DLR-001,3,8
PRT-BRK-05,DLR-001,23,3
PRT-TRN-06,DLR-001,8,22
PRT-SUS-07,DLR-001,1,8
PRT-SEN-08,DLR-001,10,5
PRT-ENG-01,DLR-002,22,15
PRT-CLG-02,DLR-002,11,5
PRT-ELC-03,DLR-002,11,5
PRT-ALT-04,DLR-002,17,8
PRT-BRK-05,DLR-002,23,3
PRT-TRN-06,DLR-002,17,24
PRT-SUS-07,DLR-002,2,10
PRT-SEN-08,DLR-002,23,2
PRT-ENG-01,DLR-003,12,16
PRT-CLG-02,DLR-003,5,8
PRT-ELC-03,DLR-003,17,6
PRT-ALT-04,DLR-003,18,6
PRT-BRK-05,DLR-003,2,5
PRT-TRN-06,DLR-003,10,20
PRT-SUS-07,DLR-003,8,10
PRT-SEN-08,DLR-003,24,2
PRT-ENG-01,DLR-004,18,14
PRT-CLG-02,DLR-004,20,4
PRT-ELC-03,DLR-004,6,5
PRT-ALT-04,DLR-004,3,8
PRT-BRK-05,DLR-004,10,4
PRT-TRN-06,DLR-004,4,23
PRT-SUS-07,DLR-004,20,9
PRT-SEN-08,DLR-004,21,5
PRT-ENG-01,DLR-005,2,13
PRT-CLG-02,DLR-005,14,8
PRT-ELC-03,DLR-005,9,2
PRT-ALT-04,DLR-005,25,5
PRT-BRK-05,DLR-005,14,3
PRT-TRN-06,DLR-005,6,20
PRT-SUS-07,DLR-005,24,7
PRT-SEN-08,DLR-005,6,2
