vehicle_id,customer_id,registration_date
VH-10001,CUST-00001,2025-05-16
VH-10002,CUST-00002,2025-04-06
VH-10003,CUST-00003,2025-08-09
VH-10004,CUST-00004,2024-03-24
VH-10005,CUST-00005,2024-02-18
VH-10006,CUST-00006,2024-12-12
VH-10007,CUST-00007,2024-10-19
VH-10008,CUST-00008,2024-10-07
VH-10009,CUST-00009,2024-05-25
VH-10010,CUST-00010,2025-01-05
VH-10011,CUST-00011,2026-02-06
VH-10012,CUST-00012,2024-09-22
VH-10013,CUST-00013,2026-01-30
VH-10014,CUST-00014,2026-03-11
VH-10015,CUST-00015,2025-08-12
VH-10016,CUST-00016,2024-10-07
VH-10017,CUST-00017,2024-01-30
VH-10018,CUST-00018,2026-01-06
VH-10019,CUST-00019,2025-02-03
VH-10020,CUST-00020,2026-02-16
VH-10021,CUST-00021,2024-03-28
VH-10022,CUST-00022,2025-09-28
VH-10023,CUST-00023,2025-02-04
VH-10024,CUST-00024,2025-07-31
VH-10025,CUST-00025,2026-01-02
VH-10026,CUST-00026,2024-03-02
VH-10027,CUST-00027,2024-12-01
VH-10028,CUST-00028,2026-02-11
VH-10029,CUST-00029,2025-03-09
VH-10030,CUST-00030,2025-02-03
VH-10031,CUST-00031,2025-09-30
VH-10032,CUST-00032,2024-08-27
VH-10033,CUST-00033,2025-05-26
VH-10034,CUST-00034,2024-12-10
VH-10035,CUST-00035,2024-11-08
VH-10036,CUST-00036,2024-08-11
VH-10037,CUST-00037,2025-12-11
VH-10038,CUST-00038,2024-08-12
VH-10039,CUST-00039,2024-06-08
VH-10040,CUST-00040,2025-09-15
VH-10041,CUST-00001,2025-03-03
VH-10042,CUST-00002,2025-05-24
VH-10043,CUST-00003,2024-07-15
VH-10044,CUST-00004,2024-10-09
VH-10045,CUST-00005,2025-04-20
VH-10046,CUST-00006,2025-06-25
VH-10047,CUST-00007,2024-04-22
VH-10048,CUST-00008,2024-09-22
VH-10049,CUST-00009,2025-07-16
VH-10050,CUST-00010,2024-09-23
