vehicle_id,model,variant,manufacture_date,dealer_id
VH-10001,Apex,Turbo-GT,2025-05-02,DLR-004
VH-10002,Apex,Base,2025-03-23,DLR-003
VH-10003,Titan,HeavyDuty,2025-07-26,DLR-005
VH-10004,Apex,Base,2024-03-10,DLR-004
VH-10005,Apex,Turbo-GT,2024-02-04,DLR-002
VH-10006,Titan,EcoDiesel,2024-11-28,DLR-005
VH-10007,Titan,Pro-4x,2024-10-05,DLR-005
VH-10008,Horizon,Comfort,2024-09-23,DLR-002
VH-10009,Pulse,LongRange,2024-05-11,DLR-003
VH-10010,Horizon,Hybrid-X,2024-12-22,DLR-001
VH-10011,Titan,HeavyDuty,2026-01-23,DLR-003
VH-10012,Apex,Turbo-GT,2024-09-08,DLR-002
VH-10013,Titan,HeavyDuty,2026-01-16,DLR-001
VH-10014,Titan,HeavyDuty,2026-02-25,DLR-003
VH-10015,Apex,Turbo-GT,2025-07-29,DLR-003
VH-10016,Horizon,Comfort,2024-09-23,DLR-002
VH-10017,Horizon,Comfort,2024-01-16,DLR-004
VH-10018,Horizon,Comfort,2025-12-23,DLR-001
VH-10019,Horizon,Executive,2025-01-20,DLR-004
VH-10020,Horizon,Hybrid-X,2026-02-02,DLR-001
VH-10021,Apex,Sport,2024-03-14,DLR-003
VH-10022,Apex,Base,2025-09-14,DLR-002
VH-10023,Horizon,Comfort,2025-01-21,DLR-002
VH-10024,Pulse,LongRange,2025-07-17,DLR-001
VH-10025,Horizon,Hybrid-X,2025-12-19,DLR-001
VH-10026,Apex,Base,2024-02-17,DLR-002
VH-10027,Titan,Pro-4x,2024-11-17,DLR-004
VH-10028,Titan,Pro-4x,2026-01-28,DLR-002
VH-10029,Horizon,Comfort,2025-02-23,DLR-003
VH-10030,Horizon,Executive,2025-01-20,DLR-005
VH-10031,Horizon,Comfort,2025-09-16,DLR-003
VH-10032,Titan,HeavyDuty,2024-08-13,DLR-005
VH-10033,Apex,Turbo-GT,2025-05-12,DLR-001
VH-10034,Apex,Turbo-GT,2024-11-26,DLR-005
VH-10035,Titan,HeavyDuty,2024-10-25,DLR-001
VH-10036,Titan,HeavyDuty,2024-07-28,DLR-001
VH-10037,Titan,Pro-4x,2025-11-27,DLR-005
VH-10038,Titan,EcoDiesel,2024-07-29,DLR-001
VH-10039,Apex,Sport,2024-05-25,DLR-005
VH-10040,Pulse,LongRange,2025-09-01,DLR-003
VH-10041,Titan,Pro-4x,2025-02-17,DLR-002
VH-10042,Pulse,LongRange,2025-05-10,DLR-001
VH-10043,Apex,Sport,2024-07-01,DLR-005
VH-10044,Apex,Base,2024-09-25,DLR-002
VH-10045,Pulse,Standard,2025-04-06,DLR-001
VH-10046,Titan,Pro-4x,2025-06-11,DLR-002
VH-10047,Horizon,Hybrid-X,2024-04-08,DLR-003
VH-10048,Apex,Turbo-GT,2024-09-08,DLR-003
VH-10049,Apex,Base,2025-07-02,DLR-001
VH-10050,Apex,Turbo-GT,2024-09-09,DLR-002
